Player,Season,Rk,Team,Pos,Comp,Att,Pct,Att/G,Yds,Avg,Yds/G,TD,Int,1st,1st%,Lng,20+,40+,Sck,Rate
Matt Ryan,2018,1,ATL,QB,422,608,69.4,38,"4,924",8.1,307.8,35,7,236,38.8,75T,56,9,42,108.1
Jared Goff,2018,2,LA,QB,364,561,64.9,35.1,"4,688",8.4,293,32,12,233,41.5,70T,69,9,33,101.1
Aaron Rodgers,2018,3,GB,QB,372,597,62.3,37.3,"4,442",7.4,277.6,25,2,200,33.5,75T,55,16,49,97.6
Eli Manning,2018,4,NYG,QB,380,576,66,36,"4,299",7.5,268.7,21,11,206,35.8,58,57,10,47,92.4
Kirk Cousins,2018,5,MIN,QB,425,606,70.1,37.9,"4,298",7.1,268.6,30,10,218,36,75T,47,7,40,99.7
Drew Brees,2018,6,NO,QB,364,489,74.4,32.6,"3,992",8.2,266.1,32,5,199,40.7,72T,58,6,17,115.7
Dak Prescott,2018,7,DAL,QB,356,526,67.7,32.9,"3,885",7.4,242.8,22,8,184,35,90T,39,9,56,96.9
Matthew Stafford,2018,8,DET,QB,367,555,66.1,34.7,"3,777",6.8,236.1,21,11,198,35.7,67,44,6,40,89.9
Russell Wilson,2018,9,SEA,QB,280,427,65.6,26.7,"3,448",8.1,215.5,35,7,156,36.5,66,47,13,51,110.9
Cam Newton,2018,10,CAR,QB,320,471,67.9,33.6,"3,395",7.2,242.5,24,13,180,38.2,82,44,3,29,94.2
Mitchell Trubisky,2018,11,CHI,QB,289,434,66.6,31,"3,223",7.4,230.2,24,12,151,34.8,70T,40,10,24,95.4
Carson Wentz,2018,12,PHI,QB,279,401,69.6,36.5,"3,074",7.7,279.5,21,7,159,39.7,58,37,5,31,102.2
Jameis Winston,2018,13,TB,QB,244,378,64.6,34.4,"2,992",7.9,272,19,14,152,40.2,64,34,6,27,90.2
Ryan Fitzpatrick,2018,14,TB,QB,164,246,66.7,30.8,"2,366",9.6,295.8,17,12,113,45.9,75T,37,8,14,100.4
Josh Rosen,2018,15,ARI,QB,217,393,55.2,28.1,"2,278",5.8,162.7,11,14,112,28.5,75T,23,4,45,66.7
Nick Mullens,2018,16,SF,QB,176,274,64.2,34.2,"2,277",8.3,284.6,13,10,106,38.7,85T,35,7,17,90.8
Alex Smith,2018,17,WAS,QB,205,328,62.5,32.8,"2,180",6.6,218,10,5,106,32.3,52,28,4,22,85.7
Nick Foles,2018,18,PHI,QB,141,195,72.3,39,"1,413",7.2,282.6,7,4,60,30.8,83T,14,4,9,96
C.J. Beathard,2018,19,SF,QB,102,169,60.4,28.2,"1,252",7.4,208.7,8,7,60,35.5,82T,17,4,18,81.8
Jimmy Garoppolo,2018,20,SF,QB,53,89,59.6,29.7,718,8.1,239.3,5,3,35,39.3,56,9,1,13,90
Josh Johnson,2018,21,WAS,QB,52,91,57.1,22.8,590,6.5,147.5,3,4,29,31.9,79T,7,1,9,69.4
Chase Daniel,2018,22,CHI,QB,53,76,69.7,15.2,515,6.8,103,3,2,24,31.6,46,6,1,9,90.6
Sam Bradford,2018,23,ARI,QB,50,80,62.5,26.7,400,5,133.3,2,4,16,20,35T,6,0,6,62.5
Colt McCoy,2018,24,WAS,QB,34,54,63,18,372,6.9,124,3,3,17,31.5,53T,4,1,6,78.6
Taylor Heinicke,2018,25,CAR,QB,35,57,61.4,9.5,320,5.6,53.3,1,3,19,33.3,33,2,0,2,60.6
Kyle Allen,2018,26,CAR,QB,20,31,64.5,15.5,266,8.6,133,2,0,11,35.5,53T,4,1,0,113.1
DeShone Kizer,2018,27,GB,QB,20,42,47.6,14,187,4.5,62.3,0,2,8,19,29,2,0,4,40.5
Mike Glennon,2018,28,ARI,QB,15,21,71.4,10.5,174,8.3,87,1,0,8,38.1,26,1,0,1,112
Mark Sanchez,2018,29,WAS,QB,19,35,54.3,17.5,138,3.9,69,0,3,3,8.6,20,1,0,7,28
Teddy Bridgewater,2018,30,NO,QB,14,23,60.9,4.6,118,5.1,23.6,1,1,8,34.8,18,0,0,2,70.6
Taysom Hill,2018,31,NO,QB,3,7,42.9,0.4,64,9.1,4,0,1,3,42.9,44,1,1,1,36.3
Matt Cassel,2018,32,DET,QB,7,17,41.2,8.5,59,3.5,29.5,0,1,2,11.8,11,0,0,1,26.3
Garrett Gilbert,2018,33,CAR,QB,2,3,66.7,3,40,13.3,40,0,0,1,33.3,31,1,0,1,109.7
Sean Mannion,2018,34,LA,QB,2,3,66.7,1,23,7.7,7.7,0,0,1,33.3,18,0,0,0,89.6
Nate Sudfeld,2018,35,PHI,QB,1,2,50,1,22,11,11,1,0,1,50,22T,1,0,0,129.2
Matt Schaub,2018,36,ATL,QB,5,7,71.4,2.3,20,2.9,6.7,0,0,1,14.3,9,0,0,0,74.1
Kyle Lauletta,2018,37,NYG,QB,0,5,0,2.5,0,0,0,0,1,0,0,--,0,0,0,0
Matthew Stafford,2017,1,DET,QB,371,565,65.7,35.3,"4,446",7.9,277.9,29,10,209,37,71T,61,16,47,99.3
Drew Brees,2017,2,NO,QB,386,536,72,33.5,"4,334",8.1,270.9,23,8,201,37.5,54T,72,11,20,103.9
Matt Ryan,2017,3,ATL,QB,342,529,64.7,33.1,"4,095",7.7,255.9,20,12,199,37.6,88T,54,8,24,91.4
Kirk Cousins,2017,4,WAS,QB,347,540,64.3,33.8,"4,093",7.6,255.8,27,13,191,35.4,74,59,9,41,93.9
Russell Wilson,2017,5,SEA,QB,339,553,61.3,34.6,"3,983",7.2,248.9,34,11,183,33.1,74T,58,12,43,95.4
Jared Goff,2017,6,LA,QB,296,477,62.1,31.8,"3,804",8,253.6,28,7,176,36.9,94T,54,12,25,100.5
Case Keenum,2017,7,MIN,QB,325,481,67.6,32.1,"3,547",7.4,236.5,22,7,179,37.2,65T,45,8,22,98.3
Jameis Winston,2017,8,TB,QB,282,442,63.8,34,"3,504",7.9,269.5,19,11,180,40.7,70,32,5,33,92.2
Eli Manning,2017,9,NYG,QB,352,571,61.6,38.1,"3,468",6.1,231.2,19,13,170,29.8,77T,30,5,31,80.4
Dak Prescott,2017,10,DAL,QB,308,490,62.9,30.6,"3,324",6.8,207.8,22,13,162,33.1,81T,34,8,32,86.6
Cam Newton,2017,11,CAR,QB,291,492,59.1,30.8,"3,302",6.7,206.4,22,16,166,33.7,64,46,5,35,80.7
Carson Wentz,2017,12,PHI,QB,265,440,60.2,33.8,"3,296",7.5,253.5,33,7,160,36.4,72T,40,9,28,101.9
Mitchell Trubisky,2017,13,CHI,QB,196,330,59.4,27.5,"2,193",6.6,182.8,7,7,100,30.3,70,24,4,31,77.5
Carson Palmer,2017,14,ARI,QB,164,267,61.4,38.1,"1,978",7.4,282.6,9,7,94,35.2,46,28,2,22,84.4
Brett Hundley,2017,15,GB,QB,192,316,60.8,28.7,"1,836",5.8,166.9,9,12,89,28.2,55T,17,4,29,70.6
Aaron Rodgers,2017,16,GB,QB,154,238,64.7,34,"1,675",7,239.3,16,6,85,35.7,72,21,4,22,97.2
Jimmy Garoppolo,2017,17,SF,QB,120,178,67.4,29.7,"1,560",8.8,260,7,5,78,43.8,61,20,5,8,96.2
C.J. Beathard,2017,18,SF,QB,123,224,54.9,32,"1,430",6.4,204.3,4,6,66,29.5,83T,16,6,19,69.2
Ryan Fitzpatrick,2017,19,TB,QB,96,163,58.9,27.2,"1,103",6.8,183.8,7,3,63,38.7,41,15,1,7,86
Blaine Gabbert,2017,20,ARI,QB,95,171,55.6,34.2,"1,086",6.4,217.2,6,6,55,32.2,52T,17,2,23,71.9
Drew Stanton,2017,21,ARI,QB,79,159,49.7,31.8,894,5.6,178.8,6,5,50,31.4,52,9,1,7,66.4
Mike Glennon,2017,22,CHI,QB,93,140,66.4,35,833,6,208.2,4,5,42,30,29,4,0,8,76.9
Nick Foles,2017,23,PHI,QB,57,101,56.4,14.4,537,5.3,76.7,5,2,29,28.7,35,3,0,5,79.5
Sam Bradford,2017,24,MIN,QB,32,43,74.4,21.5,382,8.9,191,3,0,17,39.5,44,8,1,5,124.4
Geno Smith,2017,25,NYG,QB,21,36,58.3,18,212,5.9,106,1,0,8,22.2,47,3,1,3,84.5
Sean Mannion,2017,26,LA,QB,22,37,59.5,7.4,185,5,37,0,0,8,21.6,50,2,1,3,72.5
Nate Sudfeld,2017,27,PHI,QB,19,23,82.6,23,134,5.8,134,0,0,4,17.4,16,0,0,3,90.9
Jake Rudock,2017,28,DET,QB,3,5,60,1.7,24,4.8,8,0,1,1,20,13,0,0,0,32.5
Derek Anderson,2017,29,CAR,QB,2,8,25,2.7,17,2.1,5.7,0,0,1,12.5,9,0,0,0,39.6
Joe Callahan,2017,30,GB,QB,5,7,71.4,7,11,1.6,11,0,0,1,14.3,9,0,0,0,74.1
Cooper Rush,2017,31,DAL,QB,1,3,33.3,1.5,2,0.7,1,0,0,0,0,2,0,0,0,42.4
Teddy Bridgewater,2017,32,MIN,QB,0,2,0,2,0,0,0,0,1,0,0,--,0,0,0,0
Drew Brees,2016,1,NO,QB,471,673,70,42.1,"5,208",7.7,325.5,37,15,264,39.2,98T,70,10,27,101.7
Matt Ryan,2016,2,ATL,QB,373,534,69.9,33.4,"4,944",9.3,309,38,7,238,44.6,76T,69,17,37,117.1
Kirk Cousins,2016,3,WAS,QB,406,606,67,37.9,"4,917",8.1,307.3,25,12,225,37.1,80T,69,13,23,97.2
Aaron Rodgers,2016,4,GB,QB,401,610,65.7,38.1,"4,428",7.3,276.8,40,7,222,36.4,66T,57,10,35,104.2
Matthew Stafford,2016,5,DET,QB,388,594,65.3,37.1,"4,327",7.3,270.4,24,10,217,36.5,73T,52,10,37,93.3
Carson Palmer,2016,6,ARI,QB,364,597,61,39.8,"4,233",7.1,282.2,26,14,218,36.5,80T,48,6,40,87.2
Russell Wilson,2016,7,SEA,QB,353,546,64.7,34.1,"4,219",7.7,263.7,21,11,193,35.3,59,51,11,41,92.6
Jameis Winston,2016,8,TB,QB,345,567,60.8,35.4,"4,090",7.2,255.6,28,18,214,37.7,45T,43,4,35,86.1
Eli Manning,2016,9,NYG,QB,377,598,63,37.4,"4,027",6.7,251.7,26,16,190,31.8,75T,46,11,21,86
Sam Bradford,2016,10,MIN,QB,395,552,71.6,36.8,"3,877",7,258.5,20,5,197,35.7,71T,49,8,37,99.3
Carson Wentz,2016,11,PHI,QB,379,607,62.4,37.9,"3,782",6.2,236.4,16,14,191,31.5,73T,39,6,33,79.3
Dak Prescott,2016,12,DAL,QB,311,459,67.8,28.7,"3,667",8,229.2,23,4,182,39.7,83T,38,8,25,104.9
Cam Newton,2016,13,CAR,QB,270,510,52.9,34,"3,509",6.9,233.9,19,14,172,33.7,88T,42,8,36,75.8
Colin Kaepernick,2016,14,SF,QB,196,331,59.2,27.6,"2,241",6.8,186.8,16,4,101,30.5,65T,25,5,36,90.7
Case Keenum,2016,15,LA,QB,196,322,60.9,32.2,"2,201",6.8,220.1,9,11,102,31.7,65T,31,8,23,76.4
Matt Barkley,2016,16,CHI,QB,129,216,59.7,30.9,"1,611",7.5,230.1,8,14,89,41.2,37,21,0,6,68.3
Brian Hoyer,2016,17,CHI,QB,134,200,67,33.3,"1,445",7.2,240.8,6,0,75,37.5,64,13,1,4,98
Jared Goff,2016,18,LA,QB,112,205,54.6,29.3,"1,089",5.3,155.6,5,7,47,22.9,66,12,1,26,63.6
Jay Cutler,2016,19,CHI,QB,81,137,59.1,27.4,"1,059",7.7,211.8,4,5,45,32.8,54,15,3,17,78.1
Blaine Gabbert,2016,20,SF,QB,91,160,56.9,26.7,925,5.8,154.2,5,6,51,31.9,75T,10,1,11,68.4
Derek Anderson,2016,21,CAR,QB,36,53,67.9,10.6,453,8.5,90.6,2,5,22,41.5,48,7,1,0,67.6
Shaun Hill,2016,22,MIN,QB,19,35,54.3,11.7,242,6.9,80.7,0,0,12,34.3,33,3,0,1,76.1
Drew Stanton,2016,23,ARI,QB,19,48,39.6,9.6,192,4,38.4,2,3,11,22.9,29T,3,0,1,39.6
Trevone Boykin,2016,24,SEA,QB,13,18,72.2,3.6,145,8.1,29,1,1,8,44.4,31,2,0,1,91.2
Mark Sanchez,2016,25,DAL,QB,10,18,55.6,9,93,5.2,46.5,0,2,5,27.8,33,1,0,3,30.3
Mike Glennon,2016,26,TB,QB,10,11,90.9,5.5,75,6.8,37.5,1,0,6,54.5,13,0,0,0,125.4
Tony Romo,2016,27,DAL,QB,3,4,75,4,29,7.3,29,1,0,3,75,15,0,0,0,134.4
David Fales,2016,28,CHI,QB,2,5,40,5,22,4.4,22,0,0,2,40,12,0,0,1,53.8
Sean Mannion,2016,29,LA,QB,3,6,50,6,19,3.2,19,0,1,1,16.7,9,0,0,0,17.4
Brett Hundley,2016,30,GB,QB,2,10,20,2.5,17,1.7,4.2,0,1,0,0,9,0,0,0,0
Chase Daniel,2016,31,PHI,QB,1,1,100,1,16,16,16,0,0,1,100,16,0,0,0,118.8
Matt Schaub,2016,31,ATL,QB,1,3,33.3,0.8,16,5.3,4,0,0,1,33.3,16,0,0,0,52.1
Drew Brees,2015,1,NO,QB,428,627,68.3,41.8,"4,870",7.8,324.7,32,11,228,36.4,80T,68,13,31,101
Carson Palmer,2015,2,ARI,QB,342,537,63.7,33.6,"4,671",8.7,291.9,35,11,231,43,68,65,15,25,104.6
Matt Ryan,2015,3,ATL,QB,407,614,66.3,38.4,"4,591",7.5,286.9,21,16,229,37.3,70T,49,9,30,89
Eli Manning,2015,4,NYG,QB,387,618,62.6,38.6,"4,432",7.2,277,35,14,204,33,87T,52,16,27,93.6
Matthew Stafford,2015,5,DET,QB,398,592,67.2,37,"4,262",7.2,266.4,32,13,223,37.7,57,49,8,44,97
Kirk Cousins,2015,6,WAS,QB,379,543,69.8,33.9,"4,166",7.7,260.4,29,11,204,37.6,78T,50,8,26,101.6
Jameis Winston,2015,7,TB,QB,312,535,58.3,33.4,"4,042",7.6,252.6,22,15,201,37.6,68,57,9,27,84.2
Russell Wilson,2015,8,SEA,QB,329,483,68.1,30.2,"4,024",8.3,251.5,34,8,187,38.7,80T,60,9,45,110.1
Cam Newton,2015,9,CAR,QB,296,495,59.8,30.9,"3,837",7.8,239.8,35,10,195,39.4,74T,52,10,33,99.4
Aaron Rodgers,2015,10,GB,QB,347,572,60.7,35.8,"3,821",6.7,238.8,31,8,173,30.2,65T,55,6,46,92.7
Sam Bradford,2015,11,PHI,QB,346,532,65,38,"3,725",7,266.1,19,14,164,30.8,78T,46,13,28,86.4
Jay Cutler,2015,12,CHI,QB,311,483,64.4,32.2,"3,659",7.6,243.9,21,11,171,35.4,87T,53,10,29,92.3
Teddy Bridgewater,2015,13,MIN,QB,292,447,65.3,27.9,"3,231",7.2,201.9,14,9,153,34.2,52,41,6,44,88.7
Nick Foles,2015,14,STL,QB,190,337,56.4,30.6,"2,052",6.1,186.5,7,10,82,24.3,68,27,8,14,69
Blaine Gabbert,2015,15,SF,QB,178,282,63.1,35.2,"2,031",7.2,253.9,10,7,83,29.4,71T,27,5,25,86.2
Colin Kaepernick,2015,16,SF,QB,144,244,59,27.1,"1,615",6.6,179.4,6,5,71,29.1,76T,19,7,28,78.5
Matt Cassel,2015,17,DAL,QB,119,204,58.3,25.5,"1,276",6.3,159.5,5,7,54,26.5,51,13,2,14,70.6
Tony Romo,2015,18,DAL,QB,83,121,68.6,30.2,884,7.3,221,5,7,46,38,39,7,0,6,79.4
Case Keenum,2015,19,STL,QB,76,125,60.8,20.8,828,6.6,138,4,1,41,32.8,60T,7,2,4,87.7
Kellen Moore,2015,20,DAL,QB,61,104,58.7,34.7,779,7.5,259.7,4,6,40,38.5,36,13,0,5,71
Mark Sanchez,2015,21,PHI,QB,59,91,64.8,22.8,616,6.8,154,4,4,29,31.9,43,7,1,9,80.7
Luke McCown,2015,22,NO,QB,32,39,82.1,4.9,335,8.6,41.9,0,1,19,48.7,25,4,0,1,91.8
Dan Orlovsky,2015,23,DET,QB,22,40,55,20,201,5,100.5,1,1,13,32.5,23,3,0,0,66.8
Colt McCoy,2015,24,WAS,QB,7,11,63.6,5.5,128,11.6,64,1,0,4,36.4,71T,2,1,1,133.9
Drew Stanton,2015,25,ARI,QB,11,25,44,3.6,104,4.2,14.9,0,2,6,24,21,1,0,2,22.8
Ryan Nassib,2015,26,NYG,QB,5,5,100,5,68,13.6,68,1,0,4,80,25T,1,0,0,158.3
Tarvaris Jackson,2015,27,SEA,QB,4,6,66.7,1.5,37,6.2,9.2,0,0,3,50,17,0,0,1,83.3
Derek Anderson,2015,28,CAR,QB,4,6,66.7,2,36,6,12,0,0,2,33.3,24,1,0,0,82.6
Sean Mannion,2015,29,STL,QB,6,7,85.7,7,31,4.4,31,0,0,2,28.6,11,0,0,0,85.1
Shaun Hill,2015,30,MIN,QB,2,7,28.6,2.3,15,2.1,5,0,0,0,0,9,0,0,1,39.6
Sean Renfree,2015,31,ATL,QB,3,7,42.9,3.5,11,1.6,5.5,0,1,1,14.3,11,0,0,2,10.7
Scott Tolzien,2015,32,GB,QB,1,1,100,0.3,4,4,1.3,0,0,0,0,4,0,0,1,83.3
Drew Brees,2014,1,NO,QB,456,659,69.2,41.2,"4,952",7.5,309.5,33,17,258,39.2,69T,52,10,29,97
Matt Ryan,2014,2,ATL,QB,415,628,66.1,39.2,"4,694",7.5,293.4,28,14,230,36.6,79,60,8,31,93.9
Eli Manning,2014,3,NYG,QB,379,601,63.1,37.6,"4,410",7.3,275.6,30,14,216,35.9,80T,52,10,28,92.1
Aaron Rodgers,2014,4,GB,QB,341,520,65.6,32.5,"4,381",8.4,273.8,38,5,219,42.1,80T,59,15,28,112.2
Matthew Stafford,2014,5,DET,QB,363,602,60.3,37.6,"4,257",7.1,266.1,22,12,209,34.7,73T,53,11,45,85.7
Jay Cutler,2014,6,CHI,QB,370,561,66,37.4,"3,812",6.8,254.1,28,18,181,32.3,74,39,8,38,88.6
Tony Romo,2014,7,DAL,QB,304,435,69.9,29,"3,705",8.5,247,34,9,189,43.4,68T,49,10,29,113.2
Russell Wilson,2014,8,SEA,QB,285,452,63.1,28.2,"3,475",7.7,217.2,20,7,159,35.2,80T,54,8,42,95
Colin Kaepernick,2014,9,SF,QB,289,478,60.5,29.9,"3,369",7,210.6,19,10,163,34.1,80T,48,5,52,86.4
Cam Newton,2014,10,CAR,QB,262,448,58.5,32,"3,127",7,223.4,18,12,155,34.6,51,37,4,38,82.1
Teddy Bridgewater,2014,11,MIN,QB,259,402,64.4,30.9,"2,919",7.3,224.5,14,12,137,34.1,87T,38,7,39,85.2
Mark Sanchez,2014,12,PHI,QB,198,309,64.1,34.3,"2,418",7.8,268.7,14,11,117,37.9,72,34,6,23,88.4
Josh McCown,2014,13,TB,QB,184,327,56.3,29.7,"2,206",6.7,200.5,11,14,98,30,56T,28,6,36,70.5
Nick Foles,2014,14,PHI,QB,186,311,59.8,38.9,"2,163",7,270.4,13,10,101,32.5,68T,29,7,9,81.4
Austin Davis,2014,15,STL,QB,180,284,63.4,28.4,"2,001",7,200.1,12,9,106,37.3,59T,21,4,29,85.1
Drew Stanton,2014,16,ARI,QB,132,240,55,26.7,"1,711",7.1,190.1,7,5,77,32.1,49,29,6,11,78.7
Kirk Cousins,2014,17,WAS,QB,126,204,61.8,34,"1,710",8.4,285,10,9,75,36.8,81T,27,8,8,86.4
Robert Griffin III,2014,18,WAS,QB,147,214,68.7,23.8,"1,694",7.9,188.2,4,6,67,31.3,69T,18,8,33,86.9
Shaun Hill,2014,19,STL,QB,145,229,63.3,25.4,"1,657",7.2,184.1,8,7,81,35.4,63T,22,3,18,83.9
Carson Palmer,2014,20,ARI,QB,141,224,62.9,37.3,"1,626",7.3,271,11,3,82,36.6,80T,19,3,9,95.6
Mike Glennon,2014,21,TB,QB,117,203,57.6,33.8,"1,417",7,236.2,10,6,64,31.5,41,23,3,16,83.3
Colt McCoy,2014,22,WAS,QB,91,128,71.1,25.6,"1,057",8.3,211.4,4,3,44,34.4,70T,12,4,17,96.4
Derek Anderson,2014,23,CAR,QB,65,97,67,16.2,701,7.2,116.8,5,0,44,45.4,35T,6,0,4,105.2
Ryan Lindley,2014,24,ARI,QB,45,93,48.4,31,562,6,187.3,2,4,30,32.3,41T,9,1,6,56.8
Matt Cassel,2014,25,MIN,QB,41,71,57.7,23.7,425,6,141.7,3,4,21,29.6,28,5,0,6,65.8
Brandon Weeden,2014,26,DAL,QB,24,41,58.5,8.2,303,7.4,60.6,3,2,16,39,43T,5,2,1,85.7
Jimmy Clausen,2014,27,CHI,QB,26,48,54.2,12,223,4.6,55.8,2,1,13,27.1,22,2,0,3,71.8
Christian Ponder,2014,28,MIN,QB,22,44,50,22,222,5,111,0,2,13,29.5,18,0,0,6,45.8
Logan Thomas,2014,29,ARI,QB,1,9,11.1,4.5,81,9,40.5,1,0,1,11.1,81T,1,1,2,101.6
Matt Flynn,2014,30,GB,QB,8,16,50,2.3,66,4.1,9.4,0,1,3,18.8,14,0,0,2,34.9
T.J. Yates,2014,31,ATL,QB,3,4,75,4,64,16,64,0,1,3,75,40,1,1,0,77.1
Ryan Nassib,2014,32,NYG,QB,4,5,80,1.2,60,12,15,0,0,2,40,29,1,0,2,116.7
Blaine Gabbert,2014,33,SF,QB,3,7,42.9,7,38,5.4,38,1,0,2,28.6,20T,1,0,0,100
Matt Barkley,2014,34,PHI,QB,0,1,0,1,0,0,0,0,0,0,0,--,0,0,0,39.6
Tarvaris Jackson,2014,34,SEA,QB,1,1,100,1,0,0,0,0,0,0,0,0,0,0,0,79.2
Drew Brees,2013,1,NO,QB,446,650,68.6,40.6,"5,162",7.9,322.6,39,12,244,37.5,76T,67,15,37,104.7
Matthew Stafford,2013,2,DET,QB,371,634,58.5,39.6,"4,650",7.3,290.6,29,19,221,34.9,87,62,10,23,84.2
Matt Ryan,2013,3,ATL,QB,439,651,67.4,40.7,"4,515",6.9,282.2,26,17,225,34.6,81T,44,9,44,89.6
Carson Palmer,2013,4,ARI,QB,362,572,63.3,35.8,"4,274",7.5,267.1,24,22,204,35.7,91T,49,9,41,83.9
Tony Romo,2013,5,DAL,QB,342,535,63.9,35.7,"3,828",7.2,255.2,31,10,194,36.3,82T,44,7,35,96.7
Eli Manning,2013,6,NYG,QB,317,551,57.5,34.4,"3,818",6.9,238.6,18,27,174,31.6,70T,54,7,39,69.4
Cam Newton,2013,7,CAR,QB,292,473,61.7,29.6,"3,379",7.1,211.2,24,13,169,35.7,79T,33,7,43,88.8
Russell Wilson,2013,8,SEA,QB,257,407,63.1,25.4,"3,357",8.2,209.8,26,9,153,37.6,80T,49,10,44,101.2
Robert Griffin III,2013,9,WAS,QB,274,456,60.1,35.1,"3,203",7,246.4,16,12,157,34.4,62T,32,4,38,82.2
Colin Kaepernick,2013,10,SF,QB,243,416,58.4,26,"3,197",7.7,199.8,21,8,147,35.3,64T,46,10,39,91.6
Nick Foles,2013,11,PHI,QB,203,317,64,24.4,"2,891",9.1,222.4,27,2,129,40.7,63T,52,13,28,119.2
Jay Cutler,2013,12,CHI,QB,224,355,63.1,32.3,"2,621",7.4,238.3,19,12,125,35.2,67,32,8,19,89.2
Mike Glennon,2013,13,TB,QB,247,416,59.4,32,"2,608",6.3,200.6,19,9,126,30.3,85T,28,7,40,83.9
Aaron Rodgers,2013,14,GB,QB,193,290,66.6,32.2,"2,536",8.7,281.8,17,6,108,37.2,83T,35,7,21,104.9
Josh McCown,2013,15,CHI,QB,149,224,66.5,28,"1,829",8.2,228.6,13,1,90,40.2,80T,21,3,11,109
Matt Cassel,2013,16,MIN,QB,153,254,60.2,28.2,"1,807",7.1,200.8,11,9,80,31.5,79T,26,5,16,81.6
Sam Bradford,2013,17,STL,QB,159,262,60.7,37.4,"1,687",6.4,241,14,4,85,32.4,73,19,3,15,90.9
Kellen Clemens,2013,18,STL,QB,142,242,58.7,24.2,"1,673",6.9,167.3,8,7,80,33.1,81T,22,2,21,78.8
Christian Ponder,2013,19,MIN,QB,152,239,63.6,26.6,"1,648",6.9,183.1,7,9,83,34.7,47,26,2,27,77.9
Mike Vick,2013,20,PHI,QB,77,141,54.6,20.1,"1,215",8.6,173.6,5,3,51,36.2,70,25,5,15,86.5
Matt Flynn,2013,21,GB,QB,102,166,61.4,33.2,"1,146",6.9,229.2,7,4,57,34.3,56,17,2,17,86.1
Kirk Cousins,2013,22,WAS,QB,81,155,52.3,31,854,5.5,170.8,4,7,41,26.5,62,7,2,5,58.4
Scott Tolzien,2013,23,GB,QB,55,90,61.1,30,717,8,239,1,5,29,32.2,52,13,2,3,66.8
Kyle Orton,2013,24,DAL,QB,33,51,64.7,17,398,7.8,132.7,2,2,19,37.3,39,4,0,0,85.3
Matt Barkley,2013,25,PHI,QB,30,49,61.2,16.3,300,6.1,100,0,4,17,34.7,26,3,0,3,44.6
Josh Freeman,2013,26,MIN,QB,20,53,37.7,53,190,3.6,190,0,1,10,18.9,22,2,0,1,40.6
Tarvaris Jackson,2013,27,SEA,QB,10,13,76.9,4.3,151,11.6,50.3,1,0,7,53.8,35T,3,0,0,140.2
Seneca Wallace,2013,28,GB,QB,16,24,66.7,12,139,5.8,69.5,0,1,7,29.2,17,0,0,4,64.4
Curtis Painter,2013,29,NYG,QB,8,16,50,5.3,57,3.6,19,0,2,2,12.5,9,0,0,1,19
Dominique Davis,2013,30,ATL,QB,5,7,71.4,7,34,4.9,34,0,0,2,28.6,14,0,0,0,81.8
Colt McCoy,2013,31,SF,QB,1,1,100,0.2,13,13,3.2,0,0,1,100,13,0,0,0,118.8
Luke McCown,2013,32,NO,QB,0,1,0,0.1,0,0,0,0,0,0,0,--,0,0,0,39.6
Drew Brees,2012,1,NO,QB,422,670,63,41.9,"5,177",7.7,323.6,43,19,266,39.7,80T,66,13,26,96.3
Matthew Stafford,2012,2,DET,QB,435,727,59.8,45.4,"4,967",6.8,310.4,20,17,264,36.3,57,63,9,29,79.8
Tony Romo,2012,3,DAL,QB,425,648,65.6,40.5,"4,903",7.6,306.4,28,19,231,35.6,85T,54,9,36,90.5
Matt Ryan,2012,4,ATL,QB,422,615,68.6,38.4,"4,719",7.7,294.9,32,14,246,40,80T,46,10,28,99.1
Aaron Rodgers,2012,5,GB,QB,371,552,67.2,34.5,"4,295",7.8,268.4,39,8,211,38.2,73,54,9,51,108
Josh Freeman,2012,6,TB,QB,306,558,54.8,34.9,"4,065",7.3,254.1,27,17,185,33.2,95,55,16,26,81.6
Eli Manning,2012,7,NYG,QB,321,536,59.9,33.5,"3,948",7.4,246.8,26,15,186,34.7,80T,50,10,19,87.2
Cam Newton,2012,8,CAR,QB,280,485,57.7,30.3,"3,869",8,241.8,19,12,168,34.6,82,57,11,36,86.2
Sam Bradford,2012,9,STL,QB,328,551,59.5,34.4,"3,702",6.7,231.4,21,13,185,33.6,80T,41,8,35,82.6
Robert Griffin III,2012,10,WAS,QB,258,393,65.6,26.2,"3,200",8.1,213.3,20,5,151,38.4,88T,47,6,30,102.4
Russell Wilson,2012,11,SEA,QB,252,393,64.1,24.6,"3,118",7.9,194.9,26,10,149,37.9,67,42,11,33,100
Jay Cutler,2012,12,CHI,QB,255,434,58.8,28.9,"3,033",7,202.2,19,14,153,35.3,60T,38,5,38,81.3
Christian Ponder,2012,13,MIN,QB,300,483,62.1,30.2,"2,935",6.1,183.4,18,12,163,33.7,65,28,3,32,81.2
Mike Vick,2012,14,PHI,QB,204,351,58.1,35.1,"2,362",6.7,236.2,12,10,114,32.5,77T,27,4,28,78.1
Colin Kaepernick,2012,15,SF,QB,136,218,62.4,16.8,"1,814",8.3,139.5,10,3,85,39,57,32,4,16,98.3
Alex Smith,2012,16,SF,QB,153,218,70.2,21.8,"1,737",8,173.7,13,5,87,39.9,55,22,4,24,104.1
Nick Foles,2012,17,PHI,QB,161,265,60.8,37.9,"1,699",6.4,242.7,6,5,76,28.7,46,24,2,20,79.1
Kevin Kolb,2012,18,ARI,QB,109,183,59.6,30.5,"1,169",6.4,194.8,8,3,62,33.9,46T,13,1,27,86.1
John Skelton,2012,19,ARI,QB,109,201,54.2,28.7,"1,132",5.6,161.7,2,9,55,27.4,40,13,1,15,55.4
Ryan Lindley,2012,20,ARI,QB,89,171,52,28.5,752,4.4,125.3,0,7,38,22.2,28,6,0,12,46.7
Kirk Cousins,2012,21,WAS,QB,33,48,68.8,16,466,9.7,155.3,4,3,20,41.7,77T,6,2,3,101.6
Brian Hoyer,2012,22,ARI,QB,30,53,56.6,26.5,330,6.2,165,1,2,13,24.5,53,4,1,4,65.8
Jason Campbell,2012,23,CHI,QB,32,51,62.7,8.5,265,5.2,44.2,2,2,10,19.6,45,1,1,6,72.8
Shaun Hill,2012,24,DET,QB,10,13,76.9,13,172,13.2,172,2,0,8,61.5,46T,4,1,0,157.9
Kyle Orton,2012,25,DAL,QB,9,10,90,10,89,8.9,89,1,0,6,60,21,1,0,0,137.1
Matt Flynn,2012,26,SEA,QB,5,9,55.6,3,68,7.6,22.7,0,0,2,22.2,27,1,0,0,79.9
Derek Anderson,2012,27,CAR,QB,4,4,100,2,58,14.5,29,0,0,3,75,23,1,0,0,118.8
Dan Orlovsky,2012,28,TB,QB,4,7,57.1,7,51,7.3,51,0,0,2,28.6,24,1,0,0,80.1
Kellen Clemens,2012,29,STL,QB,1,3,33.3,1.5,39,13,19.5,0,1,1,33.3,39,1,0,0,42.4
Graham Harrell,2012,30,GB,QB,2,4,50,1,20,5,5,0,0,1,25,11,0,0,0,64.6
David Carr,2012,31,NYG,QB,2,3,66.7,1.5,19,6.3,9.5,0,0,1,33.3,15,0,0,1,84
Trent Edwards,2012,32,PHI,QB,2,2,100,2,14,7,14,0,0,0,0,8,0,0,0,95.8
Chase Daniel,2012,33,NO,QB,1,1,100,0.1,10,10,0.6,0,0,1,100,10,0,0,0,108.3
Drew Brees,2011,1,NO,QB,468,657,71.2,41.1,"5,476",8.3,342.2,46,14,278,42.3,79T,69,11,24,110.6
Matthew Stafford,2011,2,DET,QB,421,663,63.5,41.4,"5,038",7.6,314.9,41,16,243,36.7,73T,64,16,36,97.2
Eli Manning,2011,3,NYG,QB,359,589,61,36.8,"4,933",8.4,308.3,29,16,216,36.7,99T,67,18,28,92.9
Aaron Rodgers,2011,4,GB,QB,343,502,68.3,33.5,"4,643",9.2,309.5,45,6,208,41.4,93T,64,13,36,122.5
Tony Romo,2011,5,DAL,QB,346,522,66.3,32.6,"4,184",8,261.5,31,10,203,38.9,77,56,11,36,102.5
Matt Ryan,2011,6,ATL,QB,347,566,61.3,35.4,"4,177",7.4,261.1,29,12,205,36.2,80T,55,10,26,92.2
Cam Newton,2011,7,CAR,QB,310,517,60,32.3,"4,051",7.8,253.2,21,17,173,33.5,91T,65,9,35,84.5
Josh Freeman,2011,8,TB,QB,346,551,62.8,36.7,"3,592",6.5,239.5,16,22,168,30.5,65T,33,5,29,74.6
Mike Vick,2011,9,PHI,QB,253,423,59.8,32.5,"3,303",7.8,254.1,18,14,155,36.6,73,50,6,23,84.9
Rex Grossman,2011,10,WAS,QB,265,458,57.9,35.2,"3,151",6.9,242.4,16,20,159,34.7,51,48,6,25,72.4
Alex Smith,2011,11,SF,QB,273,445,61.3,27.8,"3,144",7.1,196.5,17,5,147,33,56T,41,6,44,90.7
Tarvaris Jackson,2011,12,SEA,QB,271,450,60.2,30,"3,091",6.9,206.1,14,13,138,30.7,61T,45,8,42,79.2
Jay Cutler,2011,13,CHI,QB,182,314,58,31.4,"2,319",7.4,231.9,13,7,106,33.8,56T,32,5,23,85.7
Sam Bradford,2011,14,STL,QB,191,357,53.5,35.7,"2,164",6.1,216.4,6,6,104,29.1,68,25,3,36,70.5
Kevin Kolb,2011,15,ARI,QB,146,253,57.7,28.1,"1,955",7.7,217.2,9,8,88,34.8,73T,23,8,30,81.1
John Skelton,2011,16,ARI,QB,151,275,54.9,34.4,"1,913",7,239.1,11,14,82,29.8,60T,31,7,23,68.9
Christian Ponder,2011,17,MIN,QB,158,291,54.3,26.5,"1,853",6.4,168.5,13,13,91,31.3,72,23,4,30,70.1
Donovan McNabb,2011,18,MIN,QB,94,156,60.3,26,"1,026",6.6,171,4,2,52,33.3,60,14,3,16,82.9
Vince Young,2011,19,PHI,QB,66,114,57.9,19,866,7.6,144.3,4,9,39,34.2,58,13,3,8,60.8
John Beck,2011,20,WAS,QB,80,132,60.6,33,858,6.5,214.5,2,4,44,33.3,32,8,0,16,72.1
Caleb Hanie,2011,21,CHI,QB,51,102,50,17,613,6,102.2,3,9,29,28.4,81,6,1,19,41.8
A.J. Feeley,2011,22,STL,QB,53,97,54.6,19.4,548,5.6,109.6,1,2,27,27.8,34,5,0,10,66
Kellen Clemens,2011,23,STL,QB,48,91,52.7,30.3,546,6,182,2,1,28,30.8,36T,7,0,9,73.8
Matt Flynn,2011,24,GB,QB,33,49,67.3,9.8,518,10.6,103.6,6,2,22,44.9,80T,6,3,5,124.8
Josh McCown,2011,25,CHI,QB,35,55,63.6,18.3,414,7.5,138,2,4,18,32.7,49,5,1,7,68.3
Joe Webb,2011,26,MIN,QB,34,63,54,5.7,376,6,34.2,3,2,16,25.4,36,4,0,3,74.6
Charlie Whitehurst,2011,27,SEA,QB,27,56,48.2,18.7,298,5.3,99.3,1,1,14,25,38,5,0,8,62.9
Josh Johnson,2011,28,TB,QB,19,36,52.8,4,246,6.8,27.3,1,2,12,33.3,42,4,1,3,60.6
Chris Redman,2011,29,ATL,QB,18,28,64.3,5.6,188,6.7,37.6,0,1,10,35.7,22,1,0,0,68.8
Stephen McGee,2011,30,DAL,QB,24,38,63.2,38,182,4.8,182,1,0,11,28.9,19,0,0,3,83.4
Mike Kafka,2011,31,PHI,QB,11,16,68.8,4,107,6.7,26.8,0,2,3,18.8,43,1,1,1,47.7
Jon Kitna,2011,32,DAL,QB,6,10,60,3.3,87,8.7,29,1,2,5,50,33,2,0,0,82.1
Richard Bartel,2011,33,ARI,QB,10,22,45.5,11,86,3.9,43,1,1,5,22.7,23T,1,0,1,52.5
Colin Kaepernick,2011,34,SF,QB,3,5,60,1.7,35,7,11.7,0,0,2,40,19,0,0,0,81.2
Shaun Hill,2011,35,DET,QB,2,3,66.7,1.5,33,11,16.5,0,0,1,33.3,28,1,0,0,103.5
Chase Daniel,2011,36,NO,QB,4,5,80,0.3,29,5.8,1.8,0,0,2,40,14,0,0,0,90.8
Tom Brandstater,2011,37,STL,QB,0,2,0,2,0,0,0,0,0,0,0,--,0,0,0,39.6
Drew Brees,2010,1,NO,QB,448,658,68.1,41.1,"4,620",7,288.8,33,22,236,35.9,80T,47,10,25,90.9
Eli Manning,2010,2,NYG,QB,339,539,62.9,33.7,"4,002",7.4,250.1,31,25,192,35.6,92T,57,7,16,85.3
Aaron Rodgers,2010,3,GB,QB,312,475,65.7,31.7,"3,922",8.3,261.5,28,11,183,38.5,86T,54,10,31,101.2
Matt Ryan,2010,4,ATL,QB,357,571,62.5,35.7,"3,705",6.5,231.6,28,9,199,34.9,46,32,6,23,91
Sam Bradford,2010,5,STL,QB,354,590,60,36.9,"3,512",6,219.5,18,15,179,30.3,49,36,4,34,76.5
Josh Freeman,2010,6,TB,QB,291,474,61.4,29.6,"3,451",7.3,215.7,25,6,166,35,64,48,10,28,95.9
Donovan McNabb,2010,7,WAS,QB,275,472,58.3,36.3,"3,377",7.2,259.8,14,15,152,32.2,76,41,11,37,77.1
Jay Cutler,2010,8,CHI,QB,261,432,60.4,28.8,"3,274",7.6,218.3,23,16,159,36.8,89T,41,6,52,86.3
Mike Vick,2010,9,PHI,QB,233,372,62.6,31,"3,018",8.1,251.5,21,6,131,35.2,91T,48,12,34,100.2
Matt Hasselbeck,2010,10,SEA,QB,266,444,59.9,31.7,"3,001",6.8,214.4,12,17,136,30.6,87T,33,10,29,73.2
Shaun Hill,2010,11,DET,QB,257,416,61.8,37.8,"2,686",6.5,244.2,16,12,133,32,75T,32,3,17,81.3
Brett Favre,2010,12,MIN,QB,217,358,60.6,27.5,"2,509",7,193,11,19,114,31.8,53T,38,1,22,69.9
Alex Smith,2010,13,SF,QB,204,342,59.6,31.1,"2,370",6.9,215.5,14,10,103,30.1,62T,30,7,25,82.1
Jon Kitna,2010,14,DAL,QB,209,318,65.7,31.8,"2,365",7.4,236.5,16,12,117,36.8,71T,32,6,21,88.9
Derek Anderson,2010,15,ARI,QB,169,327,51.7,27.2,"2,065",6.3,172.1,7,10,97,29.7,43,32,1,25,65.9
Tony Romo,2010,16,DAL,QB,148,213,69.5,35.5,"1,605",7.5,267.5,11,7,75,35.2,69T,21,2,7,94.9
Jimmy Clausen,2010,17,CAR,QB,157,299,52.5,23,"1,558",5.2,119.8,3,9,73,24.4,55T,16,2,33,58.4
Kevin Kolb,2010,18,PHI,QB,115,189,60.8,27,"1,197",6.3,171,7,7,58,30.7,83T,13,3,15,76.1
Troy Smith,2010,19,SF,QB,73,145,50.3,24.2,"1,176",8.1,196,5,4,43,29.7,66T,22,3,18,77.8
Rex Grossman,2010,20,WAS,QB,74,133,55.6,33.2,884,6.6,221,7,4,42,31.6,64T,10,2,9,81.2
Matt Moore,2010,21,CAR,QB,79,143,55.2,23.8,857,6,142.8,5,10,47,32.9,39,11,0,13,55.6
Drew Stanton,2010,22,DET,QB,69,119,58,19.8,780,6.6,130,4,3,39,32.8,87T,7,3,6,78.4
John Skelton,2010,23,ARI,QB,60,126,47.6,25.2,662,5.3,132.4,2,2,30,23.8,74T,8,2,9,62.3
Matthew Stafford,2010,24,DET,QB,57,96,59.4,32,535,5.6,178.3,6,1,27,28.1,36,4,0,4,91.3
Charlie Whitehurst,2010,25,SEA,QB,57,99,57.6,16.5,507,5.1,84.5,2,3,22,22.2,61,5,1,5,65.5
Joe Webb,2010,26,MIN,QB,54,89,60.7,17.8,477,5.4,95.4,0,3,27,30.3,46,4,1,8,60.9
Matt Flynn,2010,27,GB,QB,40,66,60.6,9.4,433,6.6,61.9,3,2,21,31.8,66T,3,1,7,82.4
Max Hall,2010,28,ARI,QB,39,78,50,13,370,4.7,61.7,1,6,19,24.4,26,3,0,14,35.7
Tarvaris Jackson,2010,29,MIN,QB,34,58,58.6,19.3,341,5.9,113.7,3,4,18,31,46,5,1,6,63.9
Stephen McGee,2010,30,DAL,QB,22,44,50,22,238,5.4,119,2,0,9,20.5,37T,4,0,3,81.4
Brian St. Pierre,2010,31,CAR,QB,13,28,46.4,28,173,6.2,173,1,2,3,10.7,88T,2,1,3,48.7
Richard Bartel,2010,32,ARI,QB,16,28,57.1,28,150,5.4,150,0,1,7,25,31,1,0,2,57.1
Josh Johnson,2010,33,TB,QB,14,16,87.5,1.5,111,6.9,10.1,0,0,5,31.3,22,1,0,2,95.6
Todd Collins,2010,34,CHI,QB,10,27,37,13.5,68,2.5,34,0,5,2,7.4,19,0,0,2,5.9
David Carr,2010,35,SF,QB,5,13,38.5,13,67,5.2,67,0,1,3,23.1,22,1,0,1,23.6
Caleb Hanie,2010,36,CHI,QB,5,7,71.4,3.5,55,7.9,27.5,0,0,2,28.6,26,1,0,2,94.3
Tony Pike,2010,37,CAR,QB,6,12,50,12,47,3.9,47,0,0,2,16.7,22,1,0,1,60.1
Chris Redman,2010,38,ATL,QB,4,6,66.7,3,20,3.3,10,0,0,1,16.7,14,0,0,0,71.5
Chase Daniel,2010,39,NO,QB,2,3,66.7,0.2,16,5.3,1.2,0,0,0,0,9,0,0,1,79.9
Tony Romo,2009,1,DAL,QB,347,550,63.1,34.4,"4,483",8.2,280.2,26,9,203,36.9,80T,61,17,34,97.6
Aaron Rodgers,2009,2,GB,QB,350,541,64.7,33.8,"4,434",8.2,277.1,30,7,197,36.4,83T,55,17,50,103.2
Drew Brees,2009,3,NO,QB,363,514,70.6,34.3,"4,388",8.5,292.5,34,11,210,40.9,75T,58,11,20,109.6
Brett Favre,2009,4,MIN,QB,363,531,68.4,33.2,"4,202",7.9,262.6,33,7,211,39.7,63,52,13,34,107.2
Eli Manning,2009,5,NYG,QB,317,509,62.3,31.8,"4,021",7.9,251.3,27,14,183,36,74T,60,12,30,93.1
Kurt Warner,2009,6,ARI,QB,339,513,66.1,34.2,"3,753",7.3,250.2,26,14,191,37.2,45,42,3,24,93.2
Jay Cutler,2009,7,CHI,QB,336,555,60.5,34.7,"3,666",6.6,229.1,27,26,170,30.6,71,56,6,35,76.8
Jason Campbell,2009,8,WAS,QB,327,507,64.5,31.7,"3,618",7.1,226.1,20,15,186,36.7,84,40,8,43,86.4
Donovan McNabb,2009,9,PHI,QB,267,443,60.3,31.6,"3,553",8,253.8,22,10,148,33.4,60T,55,17,35,92.9
Matt Hasselbeck,2009,10,SEA,QB,293,488,60,34.9,"3,029",6.2,216.4,17,17,146,29.9,53,32,5,32,75.1
Matt Ryan,2009,11,ATL,QB,263,451,58.3,32.2,"2,916",6.5,208.3,22,14,152,33.7,90T,31,4,19,80.9
Alex Smith,2009,12,SF,QB,225,372,60.5,33.8,"2,350",6.3,213.6,18,12,98,26.3,73T,33,5,22,81.5
Matthew Stafford,2009,13,DET,QB,201,377,53.3,37.7,"2,267",6,226.7,13,20,111,29.4,75T,26,6,24,61
Jake Delhomme,2009,14,CAR,QB,178,321,55.5,29.2,"2,015",6.3,183.2,8,18,100,31.2,52,25,4,23,59.4
Josh Freeman,2009,15,TB,QB,158,290,54.5,29,"1,855",6.4,185.5,10,18,89,30.7,42T,25,2,20,59.8
Marc Bulger,2009,16,STL,QB,140,247,56.7,27.4,"1,469",5.9,163.2,5,6,78,31.6,50,16,2,14,70.7
Matt Moore,2009,17,CAR,QB,85,138,61.6,19.7,"1,053",7.6,150.4,8,2,52,37.7,66,14,6,9,98.5
Daunte Culpepper,2009,18,DET,QB,89,157,56.7,19.6,945,6,118.1,3,6,45,28.7,38,8,0,14,64.8
Shaun Hill,2009,19,SF,QB,87,155,56.1,25.8,943,6.1,157.2,5,2,39,25.2,61,9,2,18,79.6
Kyle Boller,2009,20,STL,QB,98,176,55.7,25.1,899,5.1,128.4,3,6,50,28.4,35,10,0,17,61.2
Chris Redman,2009,21,ATL,QB,69,119,58,19.8,781,6.6,130.2,4,3,40,33.6,50T,8,1,8,78.4
Kevin Kolb,2009,22,PHI,QB,62,96,64.6,19.2,741,7.7,148.2,4,3,31,32.3,71T,8,3,3,88.9
Seneca Wallace,2009,23,SEA,QB,78,120,65,9.2,700,5.8,53.8,3,2,37,30.8,39T,6,0,9,81.9
Josh Johnson,2009,24,TB,QB,63,125,50.4,20.8,685,5.5,114.2,4,8,32,25.6,35,8,0,11,50.9
Byron Leftwich,2009,25,TB,QB,58,107,54.2,35.7,594,5.6,198,4,3,27,25.2,47,7,2,2,71.2
Keith Null,2009,26,STL,QB,73,119,61.3,29.8,566,4.8,141.5,3,9,30,25.2,25,5,0,13,49.9
Matt Leinart,2009,27,ARI,QB,51,77,66.2,9.6,435,5.6,54.4,0,3,22,28.6,28,7,0,2,64.6
Drew Stanton,2009,28,DET,QB,26,51,51,17,259,5.1,86.3,0,6,12,23.5,30,5,0,5,26.1
David Carr,2009,29,NYG,QB,21,33,63.6,5.5,225,6.8,37.5,1,0,11,33.3,37T,2,0,2,93.6
Tarvaris Jackson,2009,30,MIN,QB,14,21,66.7,2.6,201,9.6,25.1,1,0,9,42.9,34T,3,0,0,113.4
Todd Collins,2009,31,WAS,QB,12,23,52.2,7.7,144,6.3,48,0,0,4,17.4,46,2,2,2,71.6
Mark Brunell,2009,32,NO,QB,15,30,50,1.9,102,3.4,6.4,0,1,5,16.7,18,0,0,0,44
Mike Vick,2009,33,PHI,QB,6,13,46.2,1.1,86,6.6,7.2,1,0,3,23.1,43,2,1,0,93.8
Matt Flynn,2009,34,GB,QB,7,12,58.3,0.8,58,4.8,3.9,0,1,4,33.3,17,0,0,1,36.1
Brian St. Pierre,2009,35,ARI,QB,2,4,50,4,12,3,12,1,1,2,50,9,0,0,0,56.2
Caleb Hanie,2009,36,CHI,QB,3,7,42.9,3.5,11,1.6,5.5,0,1,0,0,5,0,0,0,10.7
Josh McCown,2009,37,CAR,QB,1,6,16.7,6,2,0.3,2,0,0,0,0,2,0,0,1,39.6
Drew Brees,2008,1,NO,QB,413,635,65,39.7,"5,069",8,316.8,34,17,232,36.5,84T,66,16,13,96.2
Kurt Warner,2008,2,ARI,QB,401,598,67.1,37.4,"4,583",7.7,286.4,30,14,220,36.8,79T,50,12,26,96.9
Aaron Rodgers,2008,3,GB,QB,341,536,63.6,33.5,"4,038",7.5,252.4,28,13,182,34,71T,48,16,34,93.8
Donovan McNabb,2008,4,PHI,QB,345,571,60.4,35.7,"3,916",6.9,244.8,23,11,196,34.3,90T,52,11,23,86.4
Tony Romo,2008,5,DAL,QB,276,450,61.3,34.6,"3,448",7.7,265.2,26,14,150,33.3,75T,48,11,20,91.4
Matt Ryan,2008,6,ATL,QB,265,434,61.1,27.1,"3,440",7.9,215,16,11,157,36.2,70T,45,9,17,87.7
Jake Delhomme,2008,7,CAR,QB,246,414,59.4,25.9,"3,288",7.9,205.5,15,12,152,36.7,65T,45,9,20,84.7
Jason Campbell,2008,8,WAS,QB,315,506,62.3,31.6,"3,245",6.4,202.8,13,6,162,32,67T,34,3,38,84.3
Eli Manning,2008,9,NYG,QB,289,479,60.3,29.9,"3,238",6.8,202.4,21,10,169,35.3,48,32,4,27,86.4
Kyle Orton,2008,10,CHI,QB,272,465,58.5,31,"2,972",6.4,198.1,18,12,141,30.3,65T,34,3,27,79.6
Marc Bulger,2008,11,STL,QB,251,440,57,29.3,"2,720",6.2,181.3,11,13,121,27.5,80T,33,7,38,71.4
Jeff Garcia,2008,12,TB,QB,244,376,64.9,31.3,"2,712",7.2,226,12,6,125,33.2,71T,33,5,23,90.2
Gus Frerotte,2008,13,MIN,QB,178,301,59.1,27.4,"2,157",7.2,196.1,12,15,101,33.6,99T,24,8,29,73.7
Shaun Hill,2008,14,SF,QB,181,288,62.8,32,"2,046",7.1,227.3,13,8,99,34.4,48T,27,3,23,87.5
J.T. O'Sullivan,2008,15,SF,QB,128,220,58.2,24.4,"1,678",7.6,186.4,8,11,77,35,63,28,3,32,73.6
Dan Orlovsky,2008,16,DET,QB,143,255,56.1,25.5,"1,616",6.3,161.6,8,8,73,28.6,96T,20,2,14,72.6
Seneca Wallace,2008,17,SEA,QB,141,242,58.3,24.2,"1,532",6.3,153.2,11,3,72,29.8,90T,15,5,14,87
Matt Hasselbeck,2008,18,SEA,QB,109,209,52.2,29.9,"1,216",5.8,173.7,5,10,65,31.1,34,14,0,19,57.8
Brian Griese,2008,19,TB,QB,110,184,59.8,36.8,"1,073",5.8,214.6,5,7,58,31.5,38,9,0,9,69.4
Tarvaris Jackson,2008,20,MIN,QB,88,149,59.1,16.6,"1,056",7.1,117.3,9,2,48,32.2,59T,16,4,14,95.4
Daunte Culpepper,2008,21,DET,QB,60,115,52.2,23,786,6.8,157.2,4,6,30,26.1,70T,11,3,14,63.9
Jon Kitna,2008,22,DET,QB,68,120,56.7,30,758,6.3,189.5,5,5,33,27.5,47T,9,1,15,72.2
Trent Green,2008,23,STL,QB,38,72,52.8,24,525,7.3,175,0,6,19,26.4,53,8,1,6,41.7
Brad Johnson,2008,24,DAL,QB,41,78,52.6,4.9,427,5.5,26.7,2,5,16,20.5,36,4,0,8,50.5
Matt Leinart,2008,25,ARI,QB,15,29,51.7,7.2,264,9.1,66,1,1,10,34.5,78T,4,1,2,80.2
Rex Grossman,2008,26,CHI,QB,32,62,51.6,15.5,257,4.1,64.2,2,2,12,19.4,29,1,0,2,59.7
Kevin Kolb,2008,27,PHI,QB,17,34,50,5.7,144,4.2,24,0,4,8,23.5,16,0,0,0,21.8
Drew Stanton,2008,28,DET,QB,9,17,52.9,5.7,119,7,39.7,1,0,6,35.3,41,2,1,6,95
David Carr,2008,29,NYG,QB,9,12,75,4,115,9.6,38.3,2,0,7,58.3,27,2,0,1,144.1
Charlie Frye,2008,30,SEA,QB,12,23,52.2,11.5,83,3.6,41.5,2,2,5,21.7,19,0,0,3,53.4
Brooks Bollinger,2008,31,DAL,QB,10,17,58.8,8.5,71,4.2,35.5,1,1,4,23.5,24,1,0,3,63.6
Drew Henson,2008,32,DET,QB,1,2,50,1,20,10,10,0,0,1,50,20,1,0,3,85.4
Brock Berlin,2008,33,STL,QB,1,3,33.3,3,6,2,6,0,0,0,0,6,0,0,0,42.4
Matt Flynn,2008,33,GB,QB,2,5,40,0.7,6,1.2,0.9,0,0,0,0,3,0,0,0,47.9
Luke McCown,2008,35,TB,QB,0,1,0,0.5,0,0,0,0,0,0,0,--,0,0,0,39.6
Drew Brees,2007,1,NO,QB,440,652,67.5,40.8,"4,423",6.8,276.4,28,18,232,35.6,58,47,8,16,89.4
Tony Romo,2007,2,DAL,QB,335,520,64.4,32.5,"4,211",8.1,263.2,36,19,215,41.3,59T,55,11,24,97.4
Brett Favre,2007,3,GB,QB,356,535,66.5,33.4,"4,155",7.8,259.7,28,15,197,36.8,82T,49,16,15,95.7
Jon Kitna,2007,4,DET,QB,355,561,63.3,35.1,"4,068",7.3,254.2,18,20,196,34.9,91T,45,7,51,80.9
Matt Hasselbeck,2007,5,SEA,QB,352,562,62.6,35.1,"3,966",7.1,247.9,28,12,204,36.3,65,48,7,33,91.4
Kurt Warner,2007,6,ARI,QB,281,451,62.3,32.2,"3,417",7.6,244.1,27,17,167,37,62,44,5,20,89.8
Eli Manning,2007,7,NYG,QB,297,529,56.1,33.1,"3,336",6.3,208.5,23,20,165,31.2,60T,36,6,27,73.9
Donovan McNabb,2007,8,PHI,QB,291,473,61.5,33.8,"3,324",7,237.4,19,7,152,32.1,75T,35,10,44,89.9
Jason Campbell,2007,9,WAS,QB,250,417,60,32.1,"2,700",6.5,207.7,12,11,148,35.5,54,30,4,21,77.6
Jeff Garcia,2007,10,TB,QB,209,327,63.9,25.2,"2,440",7.5,187.7,13,4,112,34.3,69T,29,8,19,94.6
Marc Bulger,2007,11,STL,QB,221,378,58.5,31.5,"2,392",6.3,199.3,11,15,129,34.1,40,29,1,37,70.3
Joey Harrington,2007,12,ATL,QB,215,348,61.8,29,"2,215",6.4,184.6,7,8,100,28.7,69T,26,2,32,77.2
Tarvaris Jackson,2007,13,MIN,QB,171,294,58.2,24.5,"1,911",6.5,159.2,9,12,95,32.3,71,15,4,19,70.8
Brian Griese,2007,14,CHI,QB,161,262,61.5,37.4,"1,803",6.9,257.6,10,12,82,31.3,81T,21,2,15,75.6
Rex Grossman,2007,15,CHI,QB,122,225,54.2,28.1,"1,411",6.3,176.4,4,7,66,29.3,59T,20,5,25,66.4
Trent Dilfer,2007,16,SF,QB,113,219,51.6,31.3,"1,166",5.3,166.6,7,12,62,28.3,57T,15,3,27,55.1
Chris Redman,2007,17,ATL,QB,89,149,59.7,21.3,"1,079",7.2,154.1,10,5,48,32.2,74T,14,4,9,90.4
Gus Frerotte,2007,18,STL,QB,94,167,56.3,20.9,"1,014",6.1,126.8,7,12,55,32.9,38,12,0,11,58.3
Luke McCown,2007,19,TB,QB,94,139,67.6,27.8,"1,009",7.3,201.8,5,3,45,32.4,60,11,3,15,91.7
Vinny Testaverde,2007,20,CAR,QB,94,172,54.7,24.6,952,5.5,136,5,6,46,26.7,65T,12,3,9,65.8
Alex Smith,2007,21,SF,QB,94,193,48.7,27.6,914,4.7,130.6,2,4,47,24.4,45,11,1,17,57.2
Todd Collins,2007,22,WAS,QB,67,105,63.8,26.2,888,8.5,222,5,0,42,40,54,13,2,7,106.4
Matt Moore,2007,23,CAR,QB,63,111,56.8,12.3,730,6.6,81.1,3,5,37,33.3,57,7,4,6,67
A.J. Feeley,2007,24,PHI,QB,59,103,57.3,34.3,681,6.6,227,5,8,34,33,47,8,1,3,61.2
Matt Leinart,2007,25,ARI,QB,60,112,53.6,22.4,647,5.8,129.4,2,4,33,29.5,40,6,1,4,61.9
David Carr,2007,26,CAR,QB,73,136,53.7,22.7,635,4.7,105.8,3,5,32,23.5,38,4,0,13,58.3
Jake Delhomme,2007,27,CAR,QB,55,86,64,28.7,624,7.3,208,8,1,27,31.4,74T,5,2,5,111.8
Kelly Holcomb,2007,28,MIN,QB,42,83,50.6,27.7,515,6.2,171.7,2,1,23,27.7,40,5,1,12,73.1
Shaun Hill,2007,29,SF,QB,54,79,68.4,26.3,501,6.3,167,5,1,26,32.9,26,3,0,6,101.3
Kyle Orton,2007,30,CHI,QB,43,80,53.8,26.7,478,6,159.3,3,2,19,23.8,55T,3,1,2,73.9
Brooks Bollinger,2007,31,MIN,QB,33,50,66,10,391,7.8,78.2,1,1,18,36,50,3,2,7,88
Byron Leftwich,2007,32,ATL,QB,32,58,55.2,19.3,279,4.8,93,1,2,13,22.4,23,2,0,6,59.5
Aaron Rodgers,2007,33,GB,QB,20,28,71.4,14,218,7.8,109,1,0,9,32.1,43,2,1,3,106
Seneca Wallace,2007,34,SEA,QB,19,28,67.9,2.8,215,7.7,21.5,2,1,7,25,45T,3,1,3,99.6
Tim Rattay,2007,35,ARI,QB,15,27,55.6,6.8,164,6.1,41,3,3,10,37,42,2,1,0,71.1
Brock Berlin,2007,36,STL,QB,17,28,60.7,28,153,5.5,153,0,1,8,28.6,23,1,0,0,60.6
J.T. O'Sullivan,2007,37,DET,QB,13,26,50,6.5,148,5.7,37,1,2,7,26.9,42,2,1,3,48.2
Bruce Gradkowski,2007,38,TB,QB,13,24,54.2,6,130,5.4,32.5,0,1,5,20.8,20,1,0,2,52.4
Chris Weinke,2007,39,SF,QB,13,22,59.1,11,104,4.7,52,1,0,5,22.7,21,1,0,5,86.2
Craig Nall,2007,40,GB,QB,7,15,46.7,15,88,5.9,88,1,0,4,26.7,32T,1,0,1,87.6
Brad Johnson,2007,41,DAL,QB,7,11,63.6,0.7,79,7.2,4.9,0,0,2,18.2,35,1,0,1,85
Jared Lorenzen,2007,42,NYG,QB,4,8,50,4,28,3.5,14,0,0,1,12.5,9,0,0,1,58.3
Anthony Wright,2007,43,NYG,QB,1,7,14.3,2.3,12,1.7,4,0,0,1,14.3,12,0,0,0,39.6
Kevin Kolb,2007,44,PHI,QB,0,0,--,0,0,--,0,0,0,0,--,--,0,0,2,0
Drew Brees,2006,1,NO,QB,356,554,64.3,34.6,"4,418",8,276.1,26,11,201,36.3,86T,61,18,18,96.2
Marc Bulger,2006,2,STL,QB,370,588,62.9,36.8,"4,301",7.3,268.8,24,8,211,35.9,67T,60,10,49,92.9
Jon Kitna,2006,3,DET,QB,372,596,62.4,37.2,"4,208",7.1,263,21,22,208,34.9,60T,59,3,63,79.9
Brett Favre,2006,4,GB,QB,343,613,56,38.3,"3,885",6.3,242.8,18,18,182,29.7,82T,49,8,21,72.7
Eli Manning,2006,5,NYG,QB,301,522,57.7,32.6,"3,244",6.2,202.8,24,18,163,31.2,55T,33,8,25,77
Rex Grossman,2006,6,CHI,QB,262,480,54.6,30,"3,193",6.7,199.6,23,20,150,31.3,62,47,8,21,73.9
Tony Romo,2006,7,DAL,QB,220,337,65.3,21.1,"2,903",8.6,181.4,19,13,143,42.4,56T,42,9,21,95.1
Alex Smith,2006,8,SF,QB,257,442,58.1,27.6,"2,890",6.5,180.6,16,16,132,29.9,75,34,8,35,74.8
Jake Delhomme,2006,9,CAR,QB,263,431,61,33.2,"2,805",6.5,215.8,17,11,128,29.7,72T,30,7,22,82.6
Brad Johnson,2006,10,MIN,QB,270,439,61.5,29.3,"2,750",6.3,183.3,9,15,132,30.1,46,36,4,29,72
Donovan McNabb,2006,11,PHI,QB,180,316,57,31.6,"2,647",8.4,264.7,18,6,113,35.8,87T,44,14,21,95.5
Matt Leinart,2006,12,ARI,QB,214,377,56.8,31.4,"2,547",6.8,212.2,11,12,124,32.9,58,35,6,21,74
Mike Vick,2006,13,ATL,QB,204,388,52.6,24.2,"2,474",6.4,154.6,20,13,123,31.7,55,30,8,45,75.7
Matt Hasselbeck,2006,14,SEA,QB,210,371,56.6,30.9,"2,442",6.6,203.5,18,15,125,33.7,72T,30,5,34,76
Mark Brunell,2006,15,WAS,QB,162,260,62.3,26,"1,789",6.9,178.9,8,4,80,30.8,74,24,5,12,86.5
Bruce Gradkowski,2006,16,TB,QB,177,328,54,25.2,"1,661",5.1,127.8,9,9,79,24.1,53,16,3,25,65.9
Kurt Warner,2006,17,ARI,QB,108,168,64.3,28,"1,377",8.2,229.5,6,5,63,37.5,64,15,5,14,89.3
Jeff Garcia,2006,18,PHI,QB,116,188,61.7,23.5,"1,309",7,163.6,10,2,61,32.4,65,16,4,6,95.8
Jason Campbell,2006,19,WAS,QB,110,207,53.1,29.6,"1,297",6.3,185.3,10,6,68,32.9,66T,13,3,7,76.5
Drew Bledsoe,2006,20,DAL,QB,90,169,53.3,28.2,"1,164",6.9,194,7,8,54,32,51,14,3,16,69.2
Seneca Wallace,2006,21,SEA,QB,82,141,58.2,17.6,927,6.6,115.9,8,7,42,29.8,49T,11,2,14,76.2
Tim Rattay,2006,22,TB,QB,61,101,60.4,25.2,748,7.4,187,4,2,26,25.7,64T,8,3,4,88.2
Chris Weinke,2006,23,CAR,QB,56,96,58.3,32,625,6.5,208.3,2,4,26,27.1,38,7,0,10,67.4
Chris Simms,2006,24,TB,QB,58,106,54.7,35.3,585,5.5,195,1,7,28,26.4,55,6,1,4,46.3
Tarvaris Jackson,2006,25,MIN,QB,47,81,58,20.2,475,5.9,118.8,2,4,19,23.5,50,7,1,8,62.5
A.J. Feeley,2006,26,PHI,QB,26,38,68.4,19,342,9,171,3,0,15,39.5,89T,3,1,1,122.9
Brian Griese,2006,27,CHI,QB,18,32,56.3,5.3,220,6.9,36.7,1,2,10,31.3,75T,2,1,3,62
Jamie Martin,2006,28,NO,QB,16,24,66.7,1.5,208,8.7,13,1,1,6,25,65,4,2,5,90.3
Matt Schaub,2006,28,ATL,QB,18,27,66.7,1.7,208,7.7,13,1,2,10,37,47,3,1,2,71.2
Brooks Bollinger,2006,30,MIN,QB,13,18,72.2,9,146,8.1,73,0,1,7,38.9,50,1,1,6,72.9
Brett Basanez,2006,31,CAR,QB,6,11,54.5,11,56,5.1,56,0,1,4,36.4,18,0,0,0,30.9
Aaron Rodgers,2006,32,GB,QB,6,15,40,7.5,46,3.1,23,0,0,2,13.3,16,0,0,3,48.2
Gus Frerotte,2006,33,STL,QB,1,3,33.3,3,27,9,27,0,0,1,33.3,27,1,0,0,67.4
Brett Favre,2005,1,GB,QB,372,607,61.3,37.9,"3,881",6.4,242.6,20,29,202,33.3,59,40,7,24,70.9
Eli Manning,2005,2,NYG,QB,294,557,52.8,34.8,"3,762",6.8,235.1,24,17,172,30.9,78T,49,8,28,75.9
Drew Bledsoe,2005,3,DAL,QB,300,499,60.1,31.2,"3,639",7.3,227.4,23,17,177,35.5,71T,42,9,49,83.7
Matt Hasselbeck,2005,4,SEA,QB,294,449,65.5,28.1,"3,459",7.7,216.2,24,9,182,40.5,56,41,7,24,98.2
Jake Delhomme,2005,5,CAR,QB,262,435,60.2,27.2,"3,421",7.9,213.8,24,16,153,35.2,80T,44,13,28,88.1
Mark Brunell,2005,6,WAS,QB,262,454,57.7,28.4,"3,050",6.7,190.6,23,10,154,33.9,78T,36,9,27,85.9
Aaron Brooks,2005,7,NO,QB,240,431,55.7,33.2,"2,882",6.7,221.7,13,17,145,33.6,66,38,4,33,70
Kurt Warner,2005,8,ARI,QB,242,375,64.5,37.5,"2,713",7.2,271.3,11,9,134,35.7,63,37,4,23,85.8
Donovan McNabb,2005,9,PHI,QB,211,357,59.1,39.7,"2,507",7,278.6,16,9,116,32.5,91T,27,6,19,85
Mike Vick,2005,10,ATL,QB,214,387,55.3,25.8,"2,412",6.2,160.8,15,13,126,32.6,58,27,3,33,73.1
Marc Bulger,2005,11,STL,QB,192,287,66.9,35.9,"2,297",8,287.1,14,9,109,38,57T,25,3,26,94.4
Chris Simms,2005,12,TB,QB,191,313,61,28.5,"2,035",6.5,185,10,7,107,34.2,78T,21,3,29,81.4
Joey Harrington,2005,13,DET,QB,188,330,57,27.5,"2,021",6.1,168.4,12,12,101,30.6,86,23,6,24,72
Brad Johnson,2005,14,MIN,QB,184,294,62.6,19.6,"1,885",6.4,125.7,12,4,92,31.3,80T,15,6,23,88.9
Kyle Orton,2005,15,CHI,QB,190,368,51.6,24.5,"1,869",5.1,124.6,9,13,92,25,54,23,3,30,59.7
Josh McCown,2005,16,ARI,QB,163,270,60.4,30,"1,836",6.8,204,9,11,84,31.1,49,23,6,18,74.9
Daunte Culpepper,2005,17,MIN,QB,139,216,64.4,30.9,"1,564",7.2,223.4,6,12,77,35.6,68,16,2,31,72
Jamie Martin,2005,18,STL,QB,124,177,70.1,22.1,"1,277",7.2,159.6,5,7,60,33.9,83T,12,3,11,83.5
Mike McMahon,2005,19,PHI,QB,94,207,45.4,23,"1,158",5.6,128.7,5,8,56,27.1,48,21,2,19,55.2
Brian Griese,2005,20,TB,QB,112,174,64.4,29,"1,136",6.5,189.3,7,7,54,31,80T,13,3,12,79.6
Jeff Garcia,2005,21,DET,QB,102,173,59,28.8,937,5.4,156.2,3,6,45,26,49,11,2,6,65.1
Alex Smith,2005,22,SF,QB,84,165,50.9,18.3,875,5.3,97.2,1,11,37,22.4,47,13,2,29,40.8
Ryan Fitzpatrick,2005,23,STL,QB,76,135,56.3,33.8,777,5.8,194.2,4,8,40,29.6,56T,4,2,9,58.2
Todd Bouman,2005,24,NO,QB,68,122,55.7,7.6,722,5.9,45.1,2,7,37,30.3,43,9,1,8,54.7
Matt Schaub,2005,25,ATL,QB,33,64,51.6,4,495,7.7,30.9,4,0,23,35.9,53,6,2,6,98.1
Ken Dorsey,2005,26,SF,QB,48,90,53.3,30,481,5.3,160.3,2,2,22,24.4,44,5,1,6,66.9
Patrick Ramsey,2005,27,WAS,QB,15,25,60,6.2,279,11.2,69.8,1,1,11,44,72T,4,2,4,95.2
Rex Grossman,2005,28,CHI,QB,20,39,51.3,19.5,259,6.6,129.5,1,2,14,35.9,54,4,1,1,59.7
Koy Detmer,2005,29,PHI,QB,32,56,57.1,3.5,238,4.3,14.9,0,3,10,17.9,24,1,0,3,45.1
John Navarre,2005,30,ARI,QB,14,24,58.3,24,174,7.3,174,1,1,6,25,43,3,2,4,77.4
Seneca Wallace,2005,31,SEA,QB,13,25,52,3.6,173,6.9,24.7,1,1,10,40,42,3,1,3,70.9
Cody Pickett,2005,32,SF,QB,14,35,40,7,140,4,28,0,2,4,11.4,28,2,0,3,28.3
Aaron Rodgers,2005,33,GB,QB,9,16,56.3,5.3,65,4.1,21.7,0,1,3,18.8,16,0,0,3,39.8
Chris Weinke,2005,34,CAR,QB,7,13,53.8,4.3,64,4.9,21.3,1,0,4,30.8,18,0,0,0,93.1
Dan Orlovsky,2005,35,DET,QB,7,17,41.2,8.5,63,3.7,31.5,0,0,5,29.4,20,1,0,1,51.8
Jeff Blake,2005,36,CHI,QB,8,9,88.9,4.5,55,6.1,27.5,1,0,4,44.4,17,0,0,0,129.2
Daunte Culpepper,2004,1,MIN,QB,379,548,69.2,34.2,"4,717",8.6,294.8,39,11,224,40.9,82T,63,18,46,110.9
Brett Favre,2004,2,GB,QB,346,540,64.1,33.8,"4,088",7.6,255.5,30,17,202,37.4,79T,50,12,12,92.4
Marc Bulger,2004,3,STL,QB,321,485,66.2,34.6,"3,964",8.2,283.1,21,14,180,37.1,56,56,6,41,93.7
Jake Delhomme,2004,4,CAR,QB,310,533,58.2,33.3,"3,886",7.3,242.9,29,15,192,36,63,60,8,33,87.3
Donovan McNabb,2004,5,PHI,QB,300,469,64,31.3,"3,875",8.3,258.3,31,8,175,37.3,80,50,20,32,104.7
Aaron Brooks,2004,6,NO,QB,309,542,57,33.9,"3,810",7,238.1,21,16,177,32.7,57,57,5,41,79.5
Vinny Testaverde,2004,7,DAL,QB,297,495,60,30.9,"3,532",7.1,220.8,17,20,163,32.9,53,47,4,34,76.4
Matt Hasselbeck,2004,8,SEA,QB,279,474,58.9,33.9,"3,382",7.1,241.6,22,15,177,37.3,60,43,2,30,83.1
Joey Harrington,2004,9,DET,QB,274,489,56,30.6,"3,047",6.2,190.4,19,12,138,28.2,62,43,4,36,77.5
Brian Griese,2004,10,TB,QB,233,336,69.3,30.5,"2,632",7.8,239.3,20,12,126,37.5,68,35,6,26,97.5
Josh McCown,2004,11,ARI,QB,233,408,57.1,29.1,"2,511",6.2,179.4,11,10,122,29.9,48,30,3,31,74.1
Mike Vick,2004,12,ATL,QB,181,321,56.4,21.4,"2,313",7.2,154.2,14,12,103,32.1,62,35,8,46,78.1
Tim Rattay,2004,13,SF,QB,198,325,60.9,36.1,"2,169",6.7,241,10,10,108,33.2,65,19,2,37,78.1
Kurt Warner,2004,14,NYG,QB,174,277,62.8,27.7,"2,054",7.4,205.4,6,4,93,33.6,62T,24,6,39,86.5
Patrick Ramsey,2004,15,WAS,QB,169,272,62.1,30.2,"1,665",6.1,185,10,11,89,32.7,51,17,2,23,74.8
Ken Dorsey,2004,16,SF,QB,123,226,54.4,28.2,"1,231",5.4,153.9,6,9,60,26.5,59,9,1,13,62.4
Mark Brunell,2004,17,WAS,QB,118,237,49.8,26.3,"1,194",5,132.7,7,6,66,27.8,49,10,3,15,63.9
Eli Manning,2004,18,NYG,QB,95,197,48.2,21.9,"1,043",5.3,115.9,6,9,50,25.4,52,11,4,13,55.4
Chad Hutchinson,2004,19,CHI,QB,92,161,57.1,32.2,903,5.6,180.6,4,3,43,26.7,63,8,2,23,73.6
Craig Krenzel,2004,20,CHI,QB,59,127,46.5,21.2,718,5.7,119.7,3,6,32,25.2,49T,13,2,23,52.5
Brad Johnson,2004,21,TB,QB,65,103,63.1,25.8,674,6.5,168.5,3,3,28,27.2,54,9,3,8,79.5
Rex Grossman,2004,22,CHI,QB,47,84,56,28,607,7.2,202.3,1,3,28,33.3,40,8,1,5,67.9
Shaun King,2004,23,ARI,QB,47,84,56,28,502,6,167.3,1,4,23,27.4,40,6,1,6,57.7
Chris Simms,2004,24,TB,QB,42,73,57.5,14.6,467,6.4,93.4,1,3,21,28.8,75T,6,1,10,64.1
Chris Chandler,2004,25,STL,QB,35,62,56.5,12.4,463,7.5,92.6,2,8,15,24.2,75T,8,2,7,51.4
Jonathan Quinn,2004,26,CHI,QB,51,98,52,19.6,413,4.2,82.6,1,3,18,18.4,32,4,0,15,53.7
Trent Dilfer,2004,27,SEA,QB,25,58,43.1,11.6,333,5.7,66.6,1,3,12,20.7,56,4,2,4,46.1
Matt Schaub,2004,28,ATL,QB,33,70,47.1,11.7,330,4.7,55,1,4,15,21.4,59,2,1,4,42
Craig Nall,2004,29,GB,QB,23,33,69.7,6.6,314,9.5,62.8,4,0,19,57.6,43,5,1,2,139.4
Koy Detmer,2004,30,PHI,QB,18,40,45,2.5,207,5.2,12.9,0,2,6,15,31,5,0,2,40.3
Jamie Martin,2004,31,STL,QB,16,30,53.3,30,188,6.3,188,0,0,8,26.7,26,3,0,2,72.6
John Navarre,2004,32,ARI,QB,18,40,45,40,168,4.2,168,1,4,6,15,33T,1,0,1,25.8
Jeff Blake,2004,33,PHI,QB,18,37,48.6,12.3,126,3.4,42,1,1,7,18.9,21,1,0,2,54.6
Doug Pederson,2004,34,GB,QB,11,23,47.8,5.8,120,5.2,30,0,2,5,21.7,24,2,0,0,27.4
Drew Henson,2004,35,DAL,QB,10,18,55.6,2.6,78,4.3,11.1,1,1,7,38.9,16,0,0,2,61.8
Mike McMahon,2004,36,DET,QB,11,15,73.3,15,77,5.1,77,0,1,4,26.7,19,0,0,1,56.8
Cody Pickett,2004,37,SF,QB,4,10,40,10,55,5.5,55,0,2,4,40,18,0,0,2,18.8
Rodney Peete,2004,38,CAR,QB,1,1,100,1,3,3,3,0,0,0,0,3,0,0,0,79.2
Gus Frerotte,2004,39,MIN,QB,0,1,0,0.1,0,0,0,0,0,0,0,0,0,0,0,39.6
Marc Bulger,2003,1,STL,QB,336,532,63.2,35.5,"3,845",7.2,256.3,22,22,193,36.3,48,59,5,37,81.4
Matt Hasselbeck,2003,2,SEA,QB,313,513,61,32.1,"3,841",7.5,240.1,26,15,187,36.5,80T,54,5,42,88.8
Brad Johnson,2003,3,TB,QB,354,570,62.1,35.6,"3,811",6.7,238.2,26,21,184,32.3,76T,37,9,20,81.5
Aaron Brooks,2003,4,NO,QB,306,518,59.1,32.4,"3,546",6.8,221.6,24,8,172,33.2,76T,36,7,34,88.8
Daunte Culpepper,2003,5,MIN,QB,295,454,65,32.4,"3,479",7.7,248.5,25,11,169,37.2,59T,41,10,37,96.4
Brett Favre,2003,6,GB,QB,308,471,65.4,29.4,"3,361",7.1,210.1,32,21,166,35.2,66T,42,7,19,90.4
Quincy Carter,2003,7,DAL,QB,292,505,57.8,31.6,"3,302",6.5,206.4,17,21,148,29.3,64,48,7,37,71.4
Jake Delhomme,2003,8,CAR,QB,266,449,59.2,28.1,"3,219",7.2,201.2,19,16,146,32.5,67T,46,9,23,80.6
Donovan McNabb,2003,9,PHI,QB,275,478,57.5,29.9,"3,216",6.7,201,16,11,152,31.8,59,44,9,43,79.6
Kerry Collins,2003,10,NYG,QB,284,500,56.8,38.5,"3,110",6.2,239.2,13,16,159,31.8,77T,29,7,28,70.7
Joey Harrington,2003,11,DET,QB,309,554,55.8,34.6,"2,880",5.2,180,17,22,147,26.5,72T,24,3,9,63.9
Jeff Garcia,2003,12,SF,QB,225,392,57.4,30.2,"2,704",6.9,208,18,13,131,33.4,75T,35,6,21,80.1
Jeff Blake,2003,13,ARI,QB,208,367,56.7,28.2,"2,247",6.1,172.8,13,15,96,26.2,71T,27,6,19,69.6
Patrick Ramsey,2003,14,WAS,QB,179,337,53.1,30.6,"2,166",6.4,196.9,14,9,98,29.1,64,34,3,30,75.8
Doug Johnson,2003,15,ATL,QB,136,243,56,24.3,"1,655",6.8,165.5,8,12,72,29.6,86T,22,7,19,67.5
Kordell Stewart,2003,16,CHI,QB,126,251,50.2,27.9,"1,418",5.6,157.6,7,12,69,27.5,61T,19,4,25,56.8
Chris Chandler,2003,17,CHI,QB,107,192,55.7,24,"1,050",5.5,131.2,3,7,51,26.6,37,11,0,14,61.3
Josh McCown,2003,18,ARI,QB,95,166,57.2,20.8,"1,018",6.1,127.2,5,6,51,30.7,60T,11,2,25,70.3
Tim Hasselbeck,2003,19,WAS,QB,95,177,53.7,25.3,"1,012",5.7,144.6,5,7,53,29.9,40,10,1,9,63.6
Tim Rattay,2003,20,SF,QB,73,118,61.9,10.7,856,7.3,77.8,7,2,41,34.7,61T,11,1,7,96.6
Gus Frerotte,2003,21,MIN,QB,38,65,58.5,4.1,690,10.6,43.1,7,2,25,38.5,72T,11,5,5,118.1
Mike Vick,2003,22,ATL,QB,50,100,50,20,585,5.9,117,4,3,32,32,49,7,2,9,69
Jesse Palmer,2003,23,NYG,QB,60,116,51.7,19.3,532,4.6,88.7,3,4,25,21.6,40,6,1,16,58.5
Rex Grossman,2003,24,CHI,QB,38,72,52.8,24,437,6.1,145.7,2,1,23,31.9,59T,7,1,4,74.8
Kurt Kittner,2003,25,ATL,QB,44,114,38.6,16.3,391,3.4,55.9,2,6,23,20.2,31,2,0,5,32.5
Kurt Warner,2003,26,STL,QB,38,65,58.5,32.5,365,5.6,182.5,1,1,15,23.1,37T,3,0,6,72.9
Shaun King,2003,27,TB,QB,15,22,68.2,7.3,130,5.9,43.3,1,1,6,27.3,20,1,0,3,79.7
Mike McMahon,2003,28,DET,QB,9,31,29,10.3,87,2.8,29,0,2,4,12.9,26,1,0,2,12.7
Todd Bouman,2003,29,NO,QB,7,13,53.8,3.2,81,6.2,20.2,1,0,4,30.8,19,0,0,2,98.6
Koy Detmer,2003,30,PHI,QB,3,5,60,0.3,32,6.4,2,0,0,3,60,15,0,0,0,78.8
Trent Dilfer,2003,31,SEA,QB,4,8,50,1.6,31,3.9,6.2,1,1,3,37.5,14,0,0,1,59.9
Rodney Peete,2003,32,CAR,QB,4,10,40,10,19,1.9,19,0,0,0,0,8,0,0,3,47.9
Doug Pederson,2003,33,GB,QB,2,2,100,0.1,16,8,1,0,0,0,0,14,0,0,0,100
Chad Hutchinson,2003,34,DAL,QB,1,2,50,2,8,4,8,0,0,0,0,8,0,0,0,60.4
Gibran Hamdan,2003,35,WAS,QB,1,2,50,2,7,3.5,7,0,0,0,0,7,0,0,1,58.3
Kerry Collins,2002,1,NYG,QB,335,545,61.5,34.1,"4,073",7.5,254.6,19,14,193,35.4,82T,61,4,24,85.4
Daunte Culpepper,2002,2,MIN,QB,333,549,60.7,34.3,"3,853",7,240.8,18,23,188,34.2,61,48,9,47,75.3
Brett Favre,2002,3,GB,QB,341,551,61.9,34.4,"3,658",6.6,228.6,27,16,189,34.3,85T,39,7,26,85.6
Aaron Brooks,2002,4,NO,QB,283,528,53.6,33,"3,572",6.8,223.2,27,15,165,31.3,64,47,12,36,80.1
Jeff Garcia,2002,5,SF,QB,328,528,62.1,33,"3,344",6.3,209,21,10,171,32.4,76T,31,7,17,85.6
Matt Hasselbeck,2002,6,SEA,QB,267,419,63.7,26.2,"3,075",7.3,192.2,15,10,157,37.5,49,36,4,26,87.8
Brad Johnson,2002,7,TB,QB,281,451,62.3,34.7,"3,049",6.8,234.5,22,6,142,31.5,76T,32,6,21,92.9
Jake Plummer,2002,8,ARI,QB,284,530,53.6,33.1,"2,972",5.6,185.8,18,20,145,27.4,80T,29,3,36,65.7
Mike Vick,2002,9,ATL,QB,231,421,54.9,28.1,"2,936",7,195.7,16,8,139,33,74T,44,8,33,81.6
Rodney Peete,2002,10,CAR,QB,223,381,58.5,27.2,"2,630",6.9,187.9,15,14,114,29.9,69,45,6,31,77.4
Joey Harrington,2002,11,DET,QB,215,429,50.1,30.6,"2,294",5.3,163.9,12,16,110,25.6,64T,28,6,8,59.9
Donovan McNabb,2002,12,PHI,QB,211,361,58.4,36.1,"2,289",6.3,228.9,17,6,108,29.9,59T,27,3,28,86
Jim Miller,2002,13,CHI,QB,180,314,57.3,31.4,"1,944",6.2,194.4,13,9,98,31.2,54,27,2,16,77.5
Marc Bulger,2002,14,STL,QB,138,214,64.5,30.6,"1,826",8.5,260.9,14,6,86,40.2,58,26,6,12,101.5
Chad Hutchinson,2002,15,DAL,QB,127,250,50.8,27.8,"1,555",6.2,172.8,7,8,63,25.2,58,20,7,34,66.3
Patrick Ramsey,2002,16,WAS,QB,117,227,51.5,25.2,"1,539",6.8,171,9,8,67,29.5,62T,19,5,18,71.8
Quincy Carter,2002,17,DAL,QB,125,221,56.6,31.6,"1,465",6.6,209.3,7,8,66,29.9,80T,14,3,19,72.3
Kurt Warner,2002,18,STL,QB,144,220,65.5,31.4,"1,431",6.5,204.4,3,11,66,30,43,15,1,21,67.4
Shane Matthews,2002,19,WAS,QB,124,237,52.3,29.6,"1,251",5.3,156.4,11,6,64,27,43T,9,1,9,72.6
Jamie Martin,2002,20,STL,QB,124,195,63.6,39,"1,216",6.2,243.2,7,10,67,34.4,33,15,0,10,71.7
Trent Dilfer,2002,21,SEA,QB,94,168,56,28,"1,182",7,197,4,6,51,30.4,83,9,4,7,71.1
Chris Chandler,2002,22,CHI,QB,103,161,64,17.9,"1,023",6.4,113.7,4,4,43,26.7,76T,15,3,23,79.8
A.J. Feeley,2002,23,PHI,QB,86,154,55.8,25.7,"1,011",6.6,168.5,6,5,44,28.6,53,15,3,7,75.4
Mike McMahon,2002,24,DET,QB,62,147,42.2,18.4,874,5.9,109.2,7,9,40,27.2,49,12,4,12,52.4
Danny Wuerffel,2002,25,WAS,QB,58,92,63,13.1,719,7.8,102.7,3,6,33,35.9,40T,8,1,11,70.9
Rob Johnson,2002,26,TB,QB,57,88,64.8,14.7,536,6.1,89.3,1,2,26,29.5,23,4,0,19,75.8
Doug Johnson,2002,27,ATL,QB,37,57,64.9,9.5,448,7.9,74.7,2,3,24,42.1,63,4,1,3,78.7
Tim Rattay,2002,28,SF,QB,26,43,60.5,10.8,232,5.4,58,2,0,11,25.6,27T,1,0,5,90.5
Koy Detmer,2002,29,PHI,QB,19,28,67.9,2,224,8,16,2,0,10,35.7,37,5,0,1,115.8
Henry Burris,2002,30,CHI,QB,18,51,35.3,8.5,207,4.1,34.5,3,5,9,17.6,45T,4,1,4,28.4
Chris Weinke,2002,31,CAR,QB,17,38,44.7,6.3,180,4.7,30,0,3,10,26.3,24,3,0,6,26.2
Randy Fasani,2002,32,CAR,QB,15,44,34.1,11,171,3.9,42.8,0,4,9,20.5,27,3,0,7,8.8
Doug Pederson,2002,33,GB,QB,19,28,67.9,1.8,134,4.8,8.4,1,0,7,25,20T,2,0,1,90.5
Jake Delhomme,2002,34,NO,QB,8,10,80,2.5,113,11.3,28.2,0,0,4,40,54,1,1,0,113.8
Todd Bouman,2002,35,MIN,QB,3,6,50,6,85,14.2,85,0,0,2,33.3,48,2,1,2,95.8
Shaun King,2002,36,TB,QB,10,27,37,9,80,3,26.7,0,1,4,14.8,20,1,0,1,30
Josh McCown,2002,37,ARI,QB,7,18,38.9,9,66,3.7,33,0,2,3,16.7,26,1,0,5,10.2
Cory Sauter,2002,38,CHI,QB,6,9,66.7,9,59,6.6,59,0,0,3,33.3,31,1,0,0,85
Jesse Palmer,2002,39,NYG,QB,3,4,75,2,30,7.5,15,0,0,2,50,14,0,0,0,95.8
Scott Covington,2002,40,STL,QB,2,5,40,5,7,1.4,7,0,0,0,0,4,0,0,2,47.9
Kurt Warner,2001,1,STL,QB,375,546,68.7,34.1,"4,830",8.8,301.9,36,22,233,42.7,65T,81,11,38,101.4
Brett Favre,2001,2,GB,QB,314,510,61.6,31.9,"3,921",7.7,245.1,32,15,187,36.7,67T,53,13,22,94.1
Aaron Brooks,2001,3,NO,QB,312,558,55.9,34.9,"3,832",6.9,239.5,26,22,183,32.8,63,55,13,50,76.4
Kerry Collins,2001,4,NYG,QB,327,568,57.6,35.5,"3,764",6.6,235.2,19,16,189,33.3,76,52,7,36,77.1
Jake Plummer,2001,5,ARI,QB,304,525,57.9,32.8,"3,653",7,228.3,18,14,177,33.7,68T,52,11,29,79.6
Jeff Garcia,2001,6,SF,QB,316,504,62.7,31.5,"3,538",7,221.1,32,12,183,36.3,61T,40,10,26,94.8
Brad Johnson,2001,7,TB,QB,340,559,60.8,34.9,"3,406",6.1,212.9,13,11,179,32,47,34,1,44,77.7
Donovan McNabb,2001,8,PHI,QB,285,493,57.8,30.8,"3,233",6.6,202.1,25,12,136,27.6,64T,44,9,39,84.3
Chris Weinke,2001,9,CAR,QB,293,540,54.3,36,"2,931",5.4,195.4,11,19,137,25.4,48,31,4,26,62
Chris Chandler,2001,10,ATL,QB,223,365,61.1,26.1,"2,847",7.8,203.4,16,14,127,34.8,94T,34,9,41,84.1
Daunte Culpepper,2001,11,MIN,QB,235,366,64.2,33.3,"2,612",7.1,237.5,14,13,126,34.4,57T,34,5,33,83.3
Charlie Batch,2001,12,DET,QB,198,341,58.1,34.1,"2,392",7,239.2,12,12,107,31.4,76,37,5,33,76.8
Tony Banks,2001,13,WAS,QB,198,370,53.5,24.7,"2,386",6.4,159.1,10,10,106,28.6,85T,30,6,29,71.3
Jim Miller,2001,14,CHI,QB,228,395,57.7,28.2,"2,299",5.8,164.2,13,10,106,26.8,66T,27,7,11,74.9
Quincy Carter,2001,15,DAL,QB,90,176,51.1,22,"1,072",6.1,134,5,7,46,26.1,64T,14,6,12,63
Ty Detmer,2001,16,DET,QB,92,151,60.9,37.8,906,6,226.5,3,10,43,28.5,27,8,0,12,56.9
Todd Bouman,2001,17,MIN,QB,51,89,57.3,17.8,795,8.9,159,8,4,32,36,80T,9,4,4,98.3
Mike Vick,2001,18,ATL,QB,50,113,44.2,14.1,785,6.9,98.1,2,3,34,30.1,52,11,4,21,62.7
Shane Matthews,2001,19,CHI,QB,84,129,65.1,32.2,694,5.4,173.5,5,6,44,34.1,34T,6,0,6,72.3
Mike McMahon,2001,20,DET,QB,53,115,46.1,14.4,671,5.8,83.9,3,1,34,29.6,69,7,1,21,69.9
Anthony Wright,2001,21,DAL,QB,48,98,49,24.5,529,5.4,132.2,5,5,23,23.5,80T,5,2,5,61.1
Ryan Leaf,2001,22,DAL,QB,45,88,51.1,22,494,5.6,123.5,1,3,24,27.3,38,8,0,12,57.7
Spergon Wynn,2001,23,MIN,QB,48,98,49,32.7,418,4.3,139.3,1,6,20,20.4,47T,2,1,10,38.6
Clint Stoerner,2001,24,DAL,QB,26,49,53.1,12.2,314,6.4,78.5,3,5,17,34.7,28,5,0,5,53.8
Shaun King,2001,25,TB,QB,21,31,67.7,10.3,210,6.8,70,0,1,10,32.3,42,2,1,3,73.3
Jeff George,2001,26,WAS,QB,23,42,54.8,21,168,4,84,0,3,6,14.3,17,0,0,6,34.6
A.J. Feeley,2001,27,PHI,QB,10,14,71.4,14,143,10.2,143,2,1,8,57.1,27,2,0,0,114
Matt Lytle,2001,28,CAR,QB,17,30,56.7,10,133,4.4,44.3,1,3,5,16.7,28,1,0,3,39.3
Kent Graham,2001,29,WAS,QB,13,19,68.4,6.3,131,6.9,43.7,2,0,9,47.4,16,0,0,2,122.9
Koy Detmer,2001,30,PHI,QB,5,14,35.7,0.9,51,3.6,3.2,0,1,2,14.3,16,0,0,1,17.3
Dameyune Craig,2001,31,CAR,QB,4,8,50,4,34,4.3,17,0,0,2,25,18,0,0,2,61.5
Doug Johnson,2001,32,ATL,QB,3,5,60,1.7,23,4.6,7.7,1,0,3,60,14,0,0,2,110.8
Jamie Martin,2001,33,STL,QB,3,3,100,0.6,22,7.3,4.4,0,0,2,66.7,10,0,0,2,97.2
Tim Rattay,2001,34,SF,QB,2,2,100,0.7,21,10.5,7,0,0,1,50,20,1,0,0,110.4
Jeff Blake,2001,35,NO,QB,0,1,0,1,0,0,0,0,0,0,0,0,0,0,0,39.6
Jeff Garcia,2000,1,SF,QB,355,561,63.3,35.1,"4,278",7.6,267.4,31,10,205,36.5,69T,59,9,24,97.6
Daunte Culpepper,2000,2,MIN,QB,297,474,62.7,29.6,"3,937",8.3,246.1,33,16,190,40.1,78T,56,13,34,98
Brett Favre,2000,3,GB,QB,338,580,58.3,36.2,"3,812",6.6,238.2,20,16,193,33.3,67T,41,7,33,78
Steve Beuerlein,2000,4,CAR,QB,324,533,60.8,33.3,"3,730",7,233.1,19,18,195,36.6,54,47,2,62,79.7
Kerry Collins,2000,5,NYG,QB,311,529,58.8,33.1,"3,610",6.8,225.6,22,13,195,36.9,59,46,7,28,83.1
Kurt Warner,2000,6,STL,QB,235,347,67.7,31.5,"3,429",9.9,311.7,21,18,153,44.1,85T,49,14,20,98.3
Donovan McNabb,2000,7,PHI,QB,330,569,58,35.6,"3,365",5.9,210.3,21,13,181,31.8,70T,45,5,45,77.8
Jake Plummer,2000,8,ARI,QB,270,475,56.8,33.9,"2,946",6.2,210.4,13,21,132,27.8,70T,35,10,22,66
Shaun King,2000,9,TB,QB,233,428,54.4,26.8,"2,769",6.5,173.1,18,13,142,33.2,75,37,5,37,75.8
Brad Johnson,2000,10,WAS,QB,228,365,62.5,30.4,"2,505",6.9,208.8,11,15,120,32.9,77T,23,7,20,75.7
Charlie Batch,2000,11,DET,QB,221,412,53.6,27.5,"2,489",6,165.9,13,15,117,28.4,59,32,3,41,67.3
Chris Chandler,2000,12,ATL,QB,192,331,58,23.6,"2,236",6.8,159.7,10,12,105,31.7,55,25,5,40,73.5
Trent Green,2000,13,STL,QB,145,240,60.4,30,"2,063",8.6,257.9,16,5,94,39.2,64,30,7,24,101.8
Jeff Blake,2000,14,NO,QB,184,302,60.9,27.5,"2,025",6.7,184.1,13,9,102,33.8,49T,21,4,24,82.7
Cade McNown,2000,15,CHI,QB,154,280,55,28,"1,646",5.9,164.6,8,9,67,23.9,68T,19,5,27,68.5
Troy Aikman,2000,16,DAL,QB,156,262,59.5,23.8,"1,632",6.2,148.4,7,14,81,30.9,48,15,1,13,64.3
Aaron Brooks,2000,17,NO,QB,113,194,58.2,24.2,"1,514",7.8,189.2,9,6,66,34,53T,20,4,15,85.7
Jeff George,2000,18,WAS,QB,113,194,58.2,32.3,"1,389",7.2,231.5,7,6,65,33.5,50,20,3,12,79.6
Shane Matthews,2000,19,CHI,QB,102,178,57.3,29.7,964,5.4,160.7,3,6,53,29.8,41,7,1,5,64
Randall Cunningham,2000,20,DAL,QB,74,125,59.2,20.8,849,6.8,141.5,6,4,35,28,76T,14,4,8,82.4
Danny Kanell,2000,21,ATL,QB,57,116,49.1,23.2,524,4.5,104.8,2,5,30,25.9,35,2,0,8,49.6
Stoney Case,2000,22,DET,QB,56,91,61.5,18.2,503,5.5,100.6,1,4,26,28.6,40T,3,1,12,61.7
Dave Brown,2000,23,ARI,QB,40,69,58,11.5,467,6.8,77.8,2,3,20,29,44T,5,1,10,70.1
Doug Johnson,2000,24,ATL,QB,36,67,53.7,16.8,406,6.1,101.5,2,3,21,31.3,26,5,0,13,63.4
Jim Miller,2000,25,CHI,QB,47,82,57.3,27.3,382,4.7,127.3,1,1,22,26.8,34T,3,0,2,68.2
Anthony Wright,2000,26,DAL,QB,22,53,41.5,13.2,237,4.5,59.2,0,3,10,18.9,46,3,1,12,31.7
Rick Mirer,2000,27,SF,QB,10,20,50,20,126,6.3,126,1,0,6,30,26,2,0,1,86.7
Jeff Lewis,2000,28,CAR,QB,16,32,50,6.4,120,3.8,24,0,1,6,18.8,16,0,0,7,46.4
Matt Hasselbeck,2000,29,GB,QB,10,19,52.6,1.2,104,5.5,6.5,1,0,4,21.1,27T,2,0,1,86.3
Bubby Brister,2000,30,MIN,QB,10,20,50,10,82,4.1,41,0,1,3,15,20,1,0,1,40
Chris Greisen,2000,31,ARI,QB,6,10,60,3.3,65,6.5,21.7,1,0,4,40,26T,1,0,3,112.5
Clint Stoerner,2000,32,DAL,QB,3,5,60,5,53,10.6,53,1,0,2,40,29,1,0,2,135.8
Eric Zeier,2000,33,TB,QB,3,3,100,1,19,6.3,6.3,0,0,1,33.3,14,0,0,0,93.1
Koy Detmer,2000,34,PHI,QB,0,1,0,0.1,0,0,0,0,1,0,0,0,0,0,0,0
Joe Hamilton,2000,34,TB,QB,0,0,--,0,0,--,0,0,0,0,--,--,0,0,1,0
Mark Hartsell,2000,34,CHI,QB,0,1,0,1,0,0,0,0,0,0,0,0,0,0,0,39.6
Todd Husak,2000,37,WAS,QB,2,2,100,2,-2,-1,-2,0,0,0,0,6,0,0,0,79.2
Tim Rattay,2000,38,SF,QB,1,1,100,1,-4,-4,-4,0,0,0,0,-4,0,0,0,79.2
Steve Beuerlein,1999,1,CAR,QB,343,571,60.1,35.7,"4,436",7.8,277.2,36,15,208,36.4,88T,61,9,50,94.6
Kurt Warner,1999,2,STL,QB,325,499,65.1,31.2,"4,353",8.7,272.1,41,13,196,39.3,75T,60,16,29,109.2
Brett Favre,1999,3,GB,QB,341,595,57.3,37.2,"4,091",6.9,255.7,22,23,194,32.6,74T,52,11,35,74.7
Brad Johnson,1999,4,WAS,QB,316,519,60.9,32.4,"4,005",7.7,250.3,24,13,177,34.1,65T,62,14,29,90
Troy Aikman,1999,5,DAL,QB,263,442,59.5,31.6,"2,964",6.7,211.7,17,12,126,28.5,90T,36,7,19,81.1
Jeff George,1999,6,MIN,QB,191,329,58.1,27.4,"2,816",8.6,234.7,23,12,120,36.5,80T,44,9,28,94.2
Jeff Garcia,1999,7,SF,QB,225,375,60,28.8,"2,544",6.8,195.7,11,11,133,35.5,62,28,7,15,77.9
Chris Chandler,1999,8,ATL,QB,174,307,56.7,25.6,"2,339",7.6,194.9,16,11,113,36.8,60T,36,6,32,83.5
Kerry Collins,1999,9,NYG,QB,190,331,57.4,33.1,"2,318",7,231.8,8,11,116,35,80T,25,4,16,73.3
Gus Frerotte,1999,10,DET,QB,175,288,60.8,32,"2,117",7.4,235.2,9,7,90,31.3,77T,26,7,28,83.6
Jake Plummer,1999,11,ARI,QB,201,381,52.8,31.8,"2,111",5.5,175.9,9,24,110,28.9,63,21,4,27,50.8
Charlie Batch,1999,12,DET,QB,151,270,55.9,24.5,"1,957",7.2,177.9,13,7,89,33,74T,28,8,36,84.1
Billy Joe Tolliver,1999,13,NO,QB,139,268,51.9,26.8,"1,916",7.1,191.6,7,16,83,31,57,31,6,19,58.9
Kent Graham,1999,14,NYG,QB,160,271,59,30.1,"1,697",6.3,188.6,9,9,81,29.9,56,21,2,26,74.6
Shane Matthews,1999,15,CHI,QB,167,275,60.7,34.4,"1,645",6,205.6,10,6,85,30.9,56,18,1,13,80.6
Trent Dilfer,1999,16,TB,QB,146,244,59.8,24.4,"1,619",6.6,161.9,11,11,78,32,62T,15,4,26,75.8
Randall Cunningham,1999,17,MIN,QB,124,200,62,33.3,"1,475",7.4,245.8,8,9,71,35.5,61T,26,2,15,79.1
Cade McNown,1999,18,CHI,QB,127,235,54,15.7,"1,465",6.2,97.7,8,10,65,27.7,80T,18,6,18,66.7
Doug Pederson,1999,19,PHI,QB,119,227,52.4,14.2,"1,276",5.6,79.8,7,9,61,26.9,84T,14,2,20,62.9
Jim Miller,1999,20,CHI,QB,110,174,63.2,34.8,"1,242",7.1,248.4,7,6,53,30.5,77T,17,4,7,83.5
Billy Joe Hobert,1999,21,NO,QB,85,159,53.5,17.7,970,6.1,107.8,6,6,43,27,90T,9,3,11,68.9
Donovan McNabb,1999,22,PHI,QB,106,216,49.1,18,948,4.4,79,8,7,55,25.5,63T,7,1,28,60.1
Dave Brown,1999,23,ARI,QB,84,169,49.7,21.1,944,5.6,118,2,6,39,23.1,71,14,4,18,55.9
Shaun King,1999,24,TB,QB,89,146,61,24.3,875,6,145.8,7,4,41,28.1,68,10,1,11,82.4
Tony Graziani,1999,25,ATL,QB,62,118,52.5,10.7,759,6.4,69,2,4,37,31.4,62,8,2,12,64.2
Danny Kanell,1999,26,ATL,QB,42,84,50,28,593,7.1,197.7,4,4,29,34.5,52,7,2,5,69.2
Steve Stenstrom,1999,27,SF,QB,54,100,54,16.7,536,5.4,89.3,0,4,22,22,32,5,0,10,52.8
Jake Delhomme,1999,28,NO,QB,42,76,55.3,38,521,6.9,260.5,3,5,24,31.6,51T,5,2,6,62.4
Steve Young,1999,29,SF,QB,45,84,53.6,28,446,5.3,148.7,3,4,17,20.2,53,4,1,8,60.9
Jason Garrett,1999,30,DAL,QB,32,64,50,12.8,314,4.9,62.8,3,1,13,20.3,37T,5,0,5,73.3
Eric Zeier,1999,31,TB,QB,32,55,58.2,27.5,270,4.9,135,0,1,12,21.8,38,1,0,5,63.4
Danny Wuerffel,1999,32,NO,QB,22,48,45.8,12,191,4,47.8,0,3,9,18.8,22,2,0,5,30.8
Koy Detmer,1999,33,PHI,QB,10,29,34.5,29,181,6.2,181,3,2,7,24.1,50T,4,2,0,62.6
Joe Germaine,1999,34,STL,QB,9,16,56.3,5.3,136,8.5,45.3,1,2,6,37.5,63T,1,1,3,65.6
Rodney Peete,1999,35,WAS,QB,8,17,47.1,5.7,107,6.3,35.7,2,1,6,35.3,30T,2,0,2,82.2
Paul Justin,1999,36,STL,QB,9,14,64.3,1.4,91,6.5,9.1,0,0,5,35.7,27,1,0,1,82.7
Matt Hasselbeck,1999,37,GB,QB,3,10,30,0.6,41,4.1,2.6,1,0,2,20,19,0,0,1,77.5
Jeff Lewis,1999,38,CAR,QB,2,3,66.7,1.5,11,3.7,5.5,0,0,0,0,12,0,0,1,72.9
Chris Greisen,1999,39,ARI,QB,1,6,16.7,3,4,0.7,2,0,0,0,0,4,0,0,0,39.6
Steve Bono,1999,40,CAR,QB,0,1,0,0.5,0,0,0,0,0,0,0,0,0,0,0,39.6